create table Clientes (
	CodCliente INT PRIMARY KEY,
    Nome varchar(50),
    Endereco varchar(50),
    Bairro varchar(50),
    Cep varchar(9),
    Cidade varchar(50),
    Estado varchar(2),
    DataCadastro date
);

create table Compras (
	CodCompra int primary key,
    CodCliente int,
    DataCompra date,
    foreign key (CodCliente) 
    	references Clientes(CodCliente)
    	on delete restrict  on update cascade
);

create table Fornecedores (
	CodFornecedor int primary key,
    Nome varchar(50),
    Cidade varchar(50),
    Estado varchar(2)
);

create table Produtos (
	CodProduto int primary key,
    Descricao varchar(50),
    PrecoCusto numeric(10, 2),
    PrecoVenda numeric(10, 2),
    CodFornecedor int,
    foreign key (CodFornecedor) 
    	references Fornecedores(CodFornecedor)
    	on delete restrict  on update cascade
);

create table ComprasItens (
	CodCompraItem int primary key,
    CodCompra int,
    CodProduto int,
    Quantidade numeric(10, 2),
    Preco numeric(10, 2),
    foreign key (CodCompra) 
    	references Compras(CodCompra)
    	on delete restrict  on update cascade,
    foreign key (CodProduto) 
    	references Produtos(CodProduto)
    	on delete restrict  on update cascade
);

-- Tabela Clientes
insert into Clientes (CodCliente, Nome, Endereco, Bairro, CEP, Cidade, Estado, DataCadastro) values (1, 'Geraldo Bruno Gael Teixeira', 'Praça Pedro Pinotti, 435', 'Cidade Jardim', '14169-439', 'Sertãozinho', 'SP', now());
insert into Clientes (CodCliente, Nome, Endereco, Bairro, CEP, Cidade, Estado, DataCadastro) values (2, 'Regina Amanda Sarah Vieira', 'Rua Jacuipe, 858', 'Vila Guilhermina', '03543-120', 'São Paulo', 'SP', now());
insert into Clientes (CodCliente, Nome, Endereco, Bairro, CEP, Cidade, Estado, DataCadastro) values (3, 'Eduarda Sebastiana Lívia Aparício', 'Rua Domingos Rocha, 704', 'Jardim Via Reggio', '18017-452', 'Sorocaba', 'SP', now());
insert into Clientes (CodCliente, Nome, Endereco, Bairro, CEP, Cidade, Estado, DataCadastro) values (4, 'Giovanna Maya Peixoto', 'Rua Juvenal Pereira, 188', 'Chácara São Silvestre', '12085-130', 'Taubaté', 'SP', now());
insert into Clientes (CodCliente, Nome, Endereco, Bairro, CEP, Cidade, Estado, DataCadastro) values (5, 'Camila Sônia Martins', 'Avenida Santa Catarina 2701, 318', 'Vila Mascote', '04378-970', 'São Paulo', 'SP', now());
insert into Clientes (CodCliente, Nome, Endereco, Bairro, CEP, Cidade, Estado, DataCadastro) values (6, 'Benedito Emanuel Noah das Neves', 'Rua João Batista Gouvea, 823', 'Residencial Portal dos Oitis', '14808-069', 'Araraquara', 'SP', now());
insert into Clientes (CodCliente, Nome, Endereco, Bairro, CEP, Cidade, Estado, DataCadastro) values (7, 'Mariane Aurora da Cruz', 'Rua Vicente Lopes Meirelles, 818', 'Vale dos Lagos', '18277-830', 'Tatuí', 'SP', now());
insert into Clientes (CodCliente, Nome, Endereco, Bairro, CEP, Cidade, Estado, DataCadastro) values (8, 'Cristiane Clara Isabelly Martins', 'Rua Joaquim Pires, 717', 'Jardim Vila Maria', '17208-350', 'Jaú', 'SP', now());
insert into Clientes (CodCliente, Nome, Endereco, Bairro, CEP, Cidade, Estado, DataCadastro) values (9, 'Rafael Severino Tiago Silva', 'Rua Dona Inácia Uchôa, 146', 'Vila Mariana', '04110-020', 'São Paulo', 'SP', now());
insert into Clientes (CodCliente, Nome, Endereco, Bairro, CEP, Cidade, Estado, DataCadastro) values (10, 'Luna Betina Catarina Ribeiro', 'Rua Joana Felipe Soares, 656', 'Massaguaçu', '11677-081', 'Caraguatatuba', 'SP', now());
insert into Clientes (CodCliente, Nome, Endereco, Bairro, CEP, Cidade, Estado, DataCadastro) values (11, 'Gustavo Bruno Aparício', 'Travessa Santana, 516', 'Manoel Pimenta', '39802-065', 'Teófilo Otoni', 'MG', now());
insert into Clientes (CodCliente, Nome, Endereco, Bairro, CEP, Cidade, Estado, DataCadastro) values (12, 'Erick Geraldo da Rosa', 'Rua José Darques dos Santos, 373', 'Residencial Morada Du Park', '38051-074', 'Uberaba', 'MG', now());
insert into Clientes (CodCliente, Nome, Endereco, Bairro, CEP, Cidade, Estado, DataCadastro) values (13, 'Bento Caleb Vieira', 'Beco Dois, 429', 'Pedreira', '35171-790', 'Coronel Fabriciano', 'MG', now());
insert into Clientes (CodCliente, Nome, Endereco, Bairro, CEP, Cidade, Estado, DataCadastro) values (14, 'Roberto Yago Levi Barbosa', 'Rua Açores, 596', 'Ermelinda', '31250-680', 'Belo Horizonte', 'MG', now());
insert into Clientes (CodCliente, Nome, Endereco, Bairro, CEP, Cidade, Estado, DataCadastro) values (15, 'Diego Severino da Rocha', 'Rua Maria Dias Diniz, 716', 'Tubalina', '38412-054', 'Uberlândia', 'MG', now());
insert into Clientes (CodCliente, Nome, Endereco, Bairro, CEP, Cidade, Estado, DataCadastro) values (16, 'Betina Priscila Carvalho', 'Rua Nossa Senhora da Guia, 955', 'Delfino Magalhães', '39402-192', 'Montes Claros', 'MG', now());
insert into Clientes (CodCliente, Nome, Endereco, Bairro, CEP, Cidade, Estado, DataCadastro) values (17, 'Juliana Ester Louise Figueiredo', 'Rua Bueno Brandão, 236', 'Centro', '32041-310', 'Contagem', 'MG', now());
insert into Clientes (CodCliente, Nome, Endereco, Bairro, CEP, Cidade, Estado, DataCadastro) values (18, 'Enzo Pietro Mendes', 'Rua Guanabara, 343', 'Jardim Harmonia', '37900-564', 'Passos', 'MG', now());
insert into Clientes (CodCliente, Nome, Endereco, Bairro, CEP, Cidade, Estado, DataCadastro) values (19, 'Eliane Heloise Cardoso', 'Rua Rio Paranaíba, 157', 'Imaculada Conceição', '37070-120', 'Varginha', 'MG', now());
insert into Clientes (CodCliente, Nome, Endereco, Bairro, CEP, Cidade, Estado, DataCadastro) values (20, 'Rebeca Melissa Duarte', 'Rua Afonsa de Paula Pimenta, 126', 'São Francisco', '38180-191', 'Araxá', 'MG', now());
insert into Clientes (CodCliente, Nome, Endereco, Bairro, CEP, Cidade, Estado, DataCadastro) values (21, 'Sueli Isabel Alves', 'Avenida General Cândido da Silva, 820', 'Del Castilho', '20760-060', 'Rio de Janeiro', 'RJ', now());
insert into Clientes (CodCliente, Nome, Endereco, Bairro, CEP, Cidade, Estado, DataCadastro) values (22, 'Clarice Débora Fernandes', 'Rua Barão de Mesquita, 757', 'Andaraí', '20540-196', 'Rio de Janeiro', 'RJ', now());
insert into Clientes (CodCliente, Nome, Endereco, Bairro, CEP, Cidade, Estado, DataCadastro) values (23, 'Gabriel Antonio Roberto Farias', 'Rua Doutor Francelino Barcellos, 894', 'Piratininga', '24350-057', 'Niterói', 'RJ', now());
insert into Clientes (CodCliente, Nome, Endereco, Bairro, CEP, Cidade, Estado, DataCadastro) values (24, 'Mariane Andrea Amanda Moura', 'Rua Dona Chiquita, 688', 'Figueiras', '26060-820', 'Nova Iguaçu', 'RJ', now());
insert into Clientes (CodCliente, Nome, Endereco, Bairro, CEP, Cidade, Estado, DataCadastro) values (25, 'Breno Luan da Rocha', 'Travessa Válter Costa, 969', 'Porto Novo', '24435-822', 'São Gonçalo', 'RJ', now());
insert into Clientes (CodCliente, Nome, Endereco, Bairro, CEP, Cidade, Estado, DataCadastro) values (26, 'Marcelo Thales Moraes', 'Rua Otília Cruz Ribas, 920', 'Santa Isabel', '24738-813', 'São Gonçalo', 'RJ', now());
insert into Clientes (CodCliente, Nome, Endereco, Bairro, CEP, Cidade, Estado, DataCadastro) values (27, 'Nicolas Filipe Joaquim Ribeiro', 'Rua João Christ, 326', 'Corrêas', '25730-033', 'Petrópolis', 'RJ', now());
insert into Clientes (CodCliente, Nome, Endereco, Bairro, CEP, Cidade, Estado, DataCadastro) values (28, 'Nelson Breno Caleb Nogueira', 'Travessa Gumercindo José Carneiro, 141', 'Centro', '26525-123', 'Nilópolis', 'RJ', now());
insert into Clientes (CodCliente, Nome, Endereco, Bairro, CEP, Cidade, Estado, DataCadastro) values (29, 'Josefa Julia Silvana Gomes', 'Rua dos Flamboyans, 715', 'Barroco (Itaipuaçu)', '24936-330', 'Maricá', 'RJ', now());
insert into Clientes (CodCliente, Nome, Endereco, Bairro, CEP, Cidade, Estado, DataCadastro) values (30, 'Francisco Joaquim Aragão', 'Rua Moscou, 289', 'Nova Cidade', '27949-366', 'Macaé', 'RJ', now());


-- Tabela Fornecedores
insert into Fornecedores (CodFornecedor, Nome, Cidade, Estado) values (1, 'Lupeu', 'Guarulhos', 'SP');
insert into Fornecedores (CodFornecedor, Nome, Cidade, Estado) values (2, 'Xyaso', 'Carapicuíba', 'SP');
insert into Fornecedores (CodFornecedor, Nome, Cidade, Estado) values (3, 'Arrus', 'São Paulo', 'SP');
insert into Fornecedores (CodFornecedor, Nome, Cidade, Estado) values (4, 'Kacui', 'Itapira', 'SP');
insert into Fornecedores (CodFornecedor, Nome, Cidade, Estado) values (5, 'Nuofu', 'Atibaia', 'SP');
insert into Fornecedores (CodFornecedor, Nome, Cidade, Estado) values (6, 'Coeri', 'Rio das Ostras', 'RJ');
insert into Fornecedores (CodFornecedor, Nome, Cidade, Estado) values (7, 'Muzoedeo', 'Rio de Janeiro', 'RJ');
insert into Fornecedores (CodFornecedor, Nome, Cidade, Estado) values (8, 'Wegoi', 'Rio de Janeiro', 'RJ');
insert into Fornecedores (CodFornecedor, Nome, Cidade, Estado) values (9, 'Lueus', 'Rio de Janeiro', 'RJ');
insert into Fornecedores (CodFornecedor, Nome, Cidade, Estado) values (10, 'Mubui', 'Rio de Janeiro', 'RJ');
insert into Fornecedores (CodFornecedor, Nome, Cidade, Estado) values (11, 'Mapae', 'Ressaquinha', 'MG');
insert into Fornecedores (CodFornecedor, Nome, Cidade, Estado) values (12, 'Mavus', 'Uberlândia', 'MG');
insert into Fornecedores (CodFornecedor, Nome, Cidade, Estado) values (13, 'Sialr', 'Uberlândia', 'MG');
insert into Fornecedores (CodFornecedor, Nome, Cidade, Estado) values (14, 'Larukuhu', 'Belo Horizonte', 'MG');
insert into Fornecedores (CodFornecedor, Nome, Cidade, Estado) values (15, 'Poahi', 'Belo Horizonte', 'MG');
insert into Fornecedores (CodFornecedor, Nome, Cidade, Estado) values (16, 'Guaci', 'Curitiba', 'PR');
insert into Fornecedores (CodFornecedor, Nome, Cidade, Estado) values (17, 'Wayr', 'Londrina', 'PR');
insert into Fornecedores (CodFornecedor, Nome, Cidade, Estado) values (18, 'Zutil', 'Curitiba', 'PR');
insert into Fornecedores (CodFornecedor, Nome, Cidade, Estado) values (19, 'Siusl', 'Curitiba', 'PR');
insert into Fornecedores (CodFornecedor, Nome, Cidade, Estado) values (20, 'Guryese', 'Sarandi', 'PR');


-- Tabela Produtos
insert into Produtos (CodProduto, Descricao, PrecoCusto, PrecoVenda, CodFornecedor) values (1, 'Abobrinhas frescas', 9.42, 14.88, 15);
insert into Produtos (CodProduto, Descricao, PrecoCusto, PrecoVenda, CodFornecedor) values (2, 'Acendedor de gás', 3.60, 4.32, 9);
insert into Produtos (CodProduto, Descricao, PrecoCusto, PrecoVenda, CodFornecedor) values (3, 'Açúcar', 23.79, 30.93, 6);
insert into Produtos (CodProduto, Descricao, PrecoCusto, PrecoVenda, CodFornecedor) values (4, 'Água de colônia', 1.38, 2.21, 8);
insert into Produtos (CodProduto, Descricao, PrecoCusto, PrecoVenda, CodFornecedor) values (5, 'Água sanitária', 25.35, 39.29, 3);
insert into Produtos (CodProduto, Descricao, PrecoCusto, PrecoVenda, CodFornecedor) values (6, 'Água gasosa', 10.11, 14.36, 4);
insert into Produtos (CodProduto, Descricao, PrecoCusto, PrecoVenda, CodFornecedor) values (7, 'Água mineral [bebida]', 5.13, 7.39, 7);
insert into Produtos (CodProduto, Descricao, PrecoCusto, PrecoVenda, CodFornecedor) values (8, 'Alcachofras em conserva', 4.44, 6.53, 5);
insert into Produtos (CodProduto, Descricao, PrecoCusto, PrecoVenda, CodFornecedor) values (9, 'Alcachofras frescas', 11.70, 14.63, 6);
insert into Produtos (CodProduto, Descricao, PrecoCusto, PrecoVenda, CodFornecedor) values (10, 'Alcaparras', 11.76, 18.82, 6);
insert into Produtos (CodProduto, Descricao, PrecoCusto, PrecoVenda, CodFornecedor) values (11, 'Álcool etílico', 2.58, 3.35, 2);
insert into Produtos (CodProduto, Descricao, PrecoCusto, PrecoVenda, CodFornecedor) values (12, 'Algodão para uso cosmético', 3.12, 4.24, 12);
insert into Produtos (CodProduto, Descricao, PrecoCusto, PrecoVenda, CodFornecedor) values (13, 'Alho fresco', 4.56, 6.02, 13);
insert into Produtos (CodProduto, Descricao, PrecoCusto, PrecoVenda, CodFornecedor) values (14, 'Amêndoas torradas', 27.45, 41.45, 8);
insert into Produtos (CodProduto, Descricao, PrecoCusto, PrecoVenda, CodFornecedor) values (15, 'Anchovas', 1.02, 1.41, 14);
insert into Produtos (CodProduto, Descricao, PrecoCusto, PrecoVenda, CodFornecedor) values (16, 'Aparelhos de ar-condicionado', 9.75, 15.41, 13);
insert into Produtos (CodProduto, Descricao, PrecoCusto, PrecoVenda, CodFornecedor) values (17, 'Aparelhos de televisão', 21.66, 27.94, 5);
insert into Produtos (CodProduto, Descricao, PrecoCusto, PrecoVenda, CodFornecedor) values (18, 'Arame farpado', 5.22, 6.16, 7);
insert into Produtos (CodProduto, Descricao, PrecoCusto, PrecoVenda, CodFornecedor) values (19, 'Ardósia', 21.33, 26.88, 11);
insert into Produtos (CodProduto, Descricao, PrecoCusto, PrecoVenda, CodFornecedor) values (20, 'Argamassa', 29.07, 39.24, 8);
insert into Produtos (CodProduto, Descricao, PrecoCusto, PrecoVenda, CodFornecedor) values (21, 'Arroz', 24.84, 31.05, 1);
insert into Produtos (CodProduto, Descricao, PrecoCusto, PrecoVenda, CodFornecedor) values (22, 'Aveia', 9.96, 13.94, 13);
insert into Produtos (CodProduto, Descricao, PrecoCusto, PrecoVenda, CodFornecedor) values (23, 'Avelãs', 19.23, 23.85, 3);
insert into Produtos (CodProduto, Descricao, PrecoCusto, PrecoVenda, CodFornecedor) values (24, 'Bacon', 4.17, 5.30, 9);
insert into Produtos (CodProduto, Descricao, PrecoCusto, PrecoVenda, CodFornecedor) values (25, 'Balanças', 1.89, 2.31, 1);
insert into Produtos (CodProduto, Descricao, PrecoCusto, PrecoVenda, CodFornecedor) values (26, 'Balanças de precisão', 1.50, 2.04, 8);
insert into Produtos (CodProduto, Descricao, PrecoCusto, PrecoVenda, CodFornecedor) values (27, 'Baldes', 28.62, 37.21, 13);
insert into Produtos (CodProduto, Descricao, PrecoCusto, PrecoVenda, CodFornecedor) values (28, 'Baldes para gelo', 0.81, 1.16, 5);
insert into Produtos (CodProduto, Descricao, PrecoCusto, PrecoVenda, CodFornecedor) values (29, 'Bandanas', 18.75, 29.25, 14);
insert into Produtos (CodProduto, Descricao, PrecoCusto, PrecoVenda, CodFornecedor) values (30, 'Bandejas', 22.56, 33.16, 4);
insert into Produtos (CodProduto, Descricao, PrecoCusto, PrecoVenda, CodFornecedor) values (31, 'Banha de porco', 6.48, 9.33, 11);
insert into Produtos (CodProduto, Descricao, PrecoCusto, PrecoVenda, CodFornecedor) values (32, 'Batata em flocos', 22.80, 32.38, 11);
insert into Produtos (CodProduto, Descricao, PrecoCusto, PrecoVenda, CodFornecedor) values (33, 'Batatas frescas', 2.85, 4.28, 15);
insert into Produtos (CodProduto, Descricao, PrecoCusto, PrecoVenda, CodFornecedor) values (34, 'Batatas fritas', 24.48, 31.33, 7);
insert into Produtos (CodProduto, Descricao, PrecoCusto, PrecoVenda, CodFornecedor) values (35, 'Baterias solares', 5.13, 6.77, 13);
insert into Produtos (CodProduto, Descricao, PrecoCusto, PrecoVenda, CodFornecedor) values (36, 'Bengalas', 25.74, 38.87, 5);
insert into Produtos (CodProduto, Descricao, PrecoCusto, PrecoVenda, CodFornecedor) values (37, 'Biscoitos', 0.72, 1.02, 12);
insert into Produtos (CodProduto, Descricao, PrecoCusto, PrecoVenda, CodFornecedor) values (38, 'Biscoitos amanteigados', 4.71, 6.64, 7);
insert into Produtos (CodProduto, Descricao, PrecoCusto, PrecoVenda, CodFornecedor) values (39, 'Biscoitos de água e sal', 19.68, 28.93, 7);
insert into Produtos (CodProduto, Descricao, PrecoCusto, PrecoVenda, CodFornecedor) values (40, 'Biscoitos para cães', 27.84, 41.76, 5);
insert into Produtos (CodProduto, Descricao, PrecoCusto, PrecoVenda, CodFornecedor) values (41, 'Bombons', 19.68, 29.52, 13);
insert into Produtos (CodProduto, Descricao, PrecoCusto, PrecoVenda, CodFornecedor) values (42, 'Bonecas', 12.21, 14.16, 13);
insert into Produtos (CodProduto, Descricao, PrecoCusto, PrecoVenda, CodFornecedor) values (43, 'Bonés', 25.74, 36.55, 3);
insert into Produtos (CodProduto, Descricao, PrecoCusto, PrecoVenda, CodFornecedor) values (44, 'Botas', 20.40, 28.76, 9);
insert into Produtos (CodProduto, Descricao, PrecoCusto, PrecoVenda, CodFornecedor) values (45, 'Botinas', 26.25, 32.55, 9);
insert into Produtos (CodProduto, Descricao, PrecoCusto, PrecoVenda, CodFornecedor) values (46, 'Cabides', 28.50, 36.20, 8);
insert into Produtos (CodProduto, Descricao, PrecoCusto, PrecoVenda, CodFornecedor) values (47, 'Balanças', 10.14, 16.12, 4);
insert into Produtos (CodProduto, Descricao, PrecoCusto, PrecoVenda, CodFornecedor) values (48, 'Balanças de precisão', 21.54, 34.25, 14);
insert into Produtos (CodProduto, Descricao, PrecoCusto, PrecoVenda, CodFornecedor) values (49, 'Baldes', 14.01, 18.49, 5);
insert into Produtos (CodProduto, Descricao, PrecoCusto, PrecoVenda, CodFornecedor) values (50, 'Baldes para gelo', 20.64, 27.04, 12);
insert into Produtos (CodProduto, Descricao, PrecoCusto, PrecoVenda, CodFornecedor) values (51, 'Bandanas', 26.73, 42.23, 9);
insert into Produtos (CodProduto, Descricao, PrecoCusto, PrecoVenda, CodFornecedor) values (52, 'Bandejas', 19.50, 22.43, 9);
insert into Produtos (CodProduto, Descricao, PrecoCusto, PrecoVenda, CodFornecedor) values (53, 'Banha de porco', 25.53, 32.17, 6);
insert into Produtos (CodProduto, Descricao, PrecoCusto, PrecoVenda, CodFornecedor) values (54, 'Batata em flocos', 11.43, 13.37, 9);
insert into Produtos (CodProduto, Descricao, PrecoCusto, PrecoVenda, CodFornecedor) values (55, 'Batatas frescas', 24.12, 34.73, 1);
insert into Produtos (CodProduto, Descricao, PrecoCusto, PrecoVenda, CodFornecedor) values (56, 'Batatas fritas', 3.96, 5.19, 4);
insert into Produtos (CodProduto, Descricao, PrecoCusto, PrecoVenda, CodFornecedor) values (57, 'Baterias solares', 1.08, 1.36, 12);
insert into Produtos (CodProduto, Descricao, PrecoCusto, PrecoVenda, CodFornecedor) values (58, 'Bengalas', 15.75, 23.63, 5);
insert into Produtos (CodProduto, Descricao, PrecoCusto, PrecoVenda, CodFornecedor) values (59, 'Biscoitos', 18.96, 28.25, 12);
insert into Produtos (CodProduto, Descricao, PrecoCusto, PrecoVenda, CodFornecedor) values (60, 'Biscoitos amanteigados', 7.50, 10.58, 15);
insert into Produtos (CodProduto, Descricao, PrecoCusto, PrecoVenda, CodFornecedor) values (61, 'Biscoitos de água e sal', 17.64, 21.70, 12);
insert into Produtos (CodProduto, Descricao, PrecoCusto, PrecoVenda, CodFornecedor) values (62, 'Biscoitos para cães', 18.69, 22.43, 12);
insert into Produtos (CodProduto, Descricao, PrecoCusto, PrecoVenda, CodFornecedor) values (63, 'Bombons', 26.07, 32.33, 8);
insert into Produtos (CodProduto, Descricao, PrecoCusto, PrecoVenda, CodFornecedor) values (64, 'Bonecas', 8.76, 13.49, 4);
insert into Produtos (CodProduto, Descricao, PrecoCusto, PrecoVenda, CodFornecedor) values (65, 'Bonés', 16.44, 24.50, 8);
insert into Produtos (CodProduto, Descricao, PrecoCusto, PrecoVenda, CodFornecedor) values (66, 'Botas *', 8.04, 11.34, 3);
insert into Produtos (CodProduto, Descricao, PrecoCusto, PrecoVenda, CodFornecedor) values (67, 'Botinas', 21.24, 25.91, 1);
insert into Produtos (CodProduto, Descricao, PrecoCusto, PrecoVenda, CodFornecedor) values (68, 'Cabides', 16.98, 22.92, 15);
insert into Produtos (CodProduto, Descricao, PrecoCusto, PrecoVenda, CodFornecedor) values (69, 'Cabo de aço', 16.29, 25.25, 12);
insert into Produtos (CodProduto, Descricao, PrecoCusto, PrecoVenda, CodFornecedor) values (70, 'Cabos elétricos', 6.63, 10.21, 8);
insert into Produtos (CodProduto, Descricao, PrecoCusto, PrecoVenda, CodFornecedor) values (71, 'Cacau', 16.86, 22.09, 5);
insert into Produtos (CodProduto, Descricao, PrecoCusto, PrecoVenda, CodFornecedor) values (72, 'Cadeados', 11.28, 14.66, 15);
insert into Produtos (CodProduto, Descricao, PrecoCusto, PrecoVenda, CodFornecedor) values (73, 'Café', 20.61, 27.21, 13);
insert into Produtos (CodProduto, Descricao, PrecoCusto, PrecoVenda, CodFornecedor) values (74, 'Caixas de bombons', 0.03, 0.04, 6);
insert into Produtos (CodProduto, Descricao, PrecoCusto, PrecoVenda, CodFornecedor) values (75, 'Cal', 14.85, 17.08, 1);
insert into Produtos (CodProduto, Descricao, PrecoCusto, PrecoVenda, CodFornecedor) values (76, 'Calculadoras de bolso', 24.72, 33.62, 14);
insert into Produtos (CodProduto, Descricao, PrecoCusto, PrecoVenda, CodFornecedor) values (77, 'Caleidoscópio', 24.63, 28.32, 15);
insert into Produtos (CodProduto, Descricao, PrecoCusto, PrecoVenda, CodFornecedor) values (78, 'Calendários', 5.85, 7.61, 11);
insert into Produtos (CodProduto, Descricao, PrecoCusto, PrecoVenda, CodFornecedor) values (79, 'Câmeras [fotografia]', 17.46, 26.19, 2);
insert into Produtos (CodProduto, Descricao, PrecoCusto, PrecoVenda, CodFornecedor) values (80, 'Câmeras de vídeo', 27.93, 34.91, 14);
insert into Produtos (CodProduto, Descricao, PrecoCusto, PrecoVenda, CodFornecedor) values (81, 'Camisas', 14.91, 21.62, 4);
insert into Produtos (CodProduto, Descricao, PrecoCusto, PrecoVenda, CodFornecedor) values (82, 'Camisetas', 15.45, 20.09, 8);
insert into Produtos (CodProduto, Descricao, PrecoCusto, PrecoVenda, CodFornecedor) values (83, 'Canecas', 8.13, 11.79, 10);
insert into Produtos (CodProduto, Descricao, PrecoCusto, PrecoVenda, CodFornecedor) values (84, 'Canela [especiaria]', 6.27, 8.65, 2);
insert into Produtos (CodProduto, Descricao, PrecoCusto, PrecoVenda, CodFornecedor) values (85, 'Canetas', 4.32, 4.97, 12);
insert into Produtos (CodProduto, Descricao, PrecoCusto, PrecoVenda, CodFornecedor) values (86, 'Canetas-tinteiro', 27.63, 35.64, 5);
insert into Produtos (CodProduto, Descricao, PrecoCusto, PrecoVenda, CodFornecedor) values (87, 'Caramelo [corante alimentar]', 28.32, 38.52, 12);
insert into Produtos (CodProduto, Descricao, PrecoCusto, PrecoVenda, CodFornecedor) values (88, 'Carne em conserva', 4.74, 6.11, 4);
insert into Produtos (CodProduto, Descricao, PrecoCusto, PrecoVenda, CodFornecedor) values (89, 'Carne enlatada', 1.50, 2.39, 7);
insert into Produtos (CodProduto, Descricao, PrecoCusto, PrecoVenda, CodFornecedor) values (90, 'Carregadores de pilhas e baterias', 12.90, 20.25, 14);
insert into Produtos (CodProduto, Descricao, PrecoCusto, PrecoVenda, CodFornecedor) values (91, 'Cartão postal', 10.83, 17.22, 12);
insert into Produtos (CodProduto, Descricao, PrecoCusto, PrecoVenda, CodFornecedor) values (92, 'Carvão [combustível]', 26.94, 40.14, 8);
insert into Produtos (CodProduto, Descricao, PrecoCusto, PrecoVenda, CodFornecedor) values (93, 'Carvão para filtros', 25.53, 34.21, 8);
insert into Produtos (CodProduto, Descricao, PrecoCusto, PrecoVenda, CodFornecedor) values (94, 'Carvão vegetal [combustível]', 18.72, 26.58, 9);
insert into Produtos (CodProduto, Descricao, PrecoCusto, PrecoVenda, CodFornecedor) values (95, 'Casas de bonecas', 1.98, 3.07, 3);
insert into Produtos (CodProduto, Descricao, PrecoCusto, PrecoVenda, CodFornecedor) values (96, 'Castanhas', 22.44, 30.29, 12);
insert into Produtos (CodProduto, Descricao, PrecoCusto, PrecoVenda, CodFornecedor) values (97, 'Cera de abelha', 21.57, 33.86, 8);
insert into Produtos (CodProduto, Descricao, PrecoCusto, PrecoVenda, CodFornecedor) values (98, 'Cera de carnaúba', 9.81, 12.85, 13);
insert into Produtos (CodProduto, Descricao, PrecoCusto, PrecoVenda, CodFornecedor) values (99, 'Cera para bigode', 21.57, 26.10, 12);
insert into Produtos (CodProduto, Descricao, PrecoCusto, PrecoVenda, CodFornecedor) values (100, 'Cerveja', 0.24, 0.28, 12);
insert into Produtos (CodProduto, Descricao, PrecoCusto, PrecoVenda, CodFornecedor) values (101, 'Chaleiras elétricas', 20.61, 32.36, 13);
insert into Produtos (CodProduto, Descricao, PrecoCusto, PrecoVenda, CodFornecedor) values (102, 'Charutos', 0.69, 0.86, 1);
insert into Produtos (CodProduto, Descricao, PrecoCusto, PrecoVenda, CodFornecedor) values (103, 'Chaves de fenda', 29.79, 36.34, 5);
insert into Produtos (CodProduto, Descricao, PrecoCusto, PrecoVenda, CodFornecedor) values (104, 'Chaves inglesas [ferramentas manuais]', 7.23, 11.13, 15);
insert into Produtos (CodProduto, Descricao, PrecoCusto, PrecoVenda, CodFornecedor) values (105, 'Cheeseburgers [sanduíches]', 8.58, 9.95, 1);
insert into Produtos (CodProduto, Descricao, PrecoCusto, PrecoVenda, CodFornecedor) values (106, 'Chucrute', 18.99, 30.00, 7);
insert into Produtos (CodProduto, Descricao, PrecoCusto, PrecoVenda, CodFornecedor) values (107, 'Cimento', 21.36, 27.77, 13);
insert into Produtos (CodProduto, Descricao, PrecoCusto, PrecoVenda, CodFornecedor) values (108, 'Clipes de papel', 8.49, 9.85, 12);
insert into Produtos (CodProduto, Descricao, PrecoCusto, PrecoVenda, CodFornecedor) values (109, 'Coadores', 28.41, 36.08, 14);
insert into Produtos (CodProduto, Descricao, PrecoCusto, PrecoVenda, CodFornecedor) values (110, 'Compotas', 6.33, 10.00, 8);
insert into Produtos (CodProduto, Descricao, PrecoCusto, PrecoVenda, CodFornecedor) values (111, 'Compotas de gengibre', 27.03, 40.82, 7);
insert into Produtos (CodProduto, Descricao, PrecoCusto, PrecoVenda, CodFornecedor) values (112, 'Confeitos', 29.16, 34.99, 4);
insert into Produtos (CodProduto, Descricao, PrecoCusto, PrecoVenda, CodFornecedor) values (113, 'Confeitos de amêndoas', 3.33, 5.26, 2);
insert into Produtos (CodProduto, Descricao, PrecoCusto, PrecoVenda, CodFornecedor) values (114, 'Confeitos de amendoins', 16.89, 20.27, 1);
insert into Produtos (CodProduto, Descricao, PrecoCusto, PrecoVenda, CodFornecedor) values (115, 'Confete', 12.99, 15.98, 4);
insert into Produtos (CodProduto, Descricao, PrecoCusto, PrecoVenda, CodFornecedor) values (116, 'Contrabaixos', 13.80, 17.11, 12);
insert into Produtos (CodProduto, Descricao, PrecoCusto, PrecoVenda, CodFornecedor) values (117, 'Corantes', 27.99, 41.99, 1);
insert into Produtos (CodProduto, Descricao, PrecoCusto, PrecoVenda, CodFornecedor) values (118, 'Corantes para alimentos', 22.47, 31.46, 15);
insert into Produtos (CodProduto, Descricao, PrecoCusto, PrecoVenda, CodFornecedor) values (119, 'Corantes para bebidas', 0.18, 0.25, 3);
insert into Produtos (CodProduto, Descricao, PrecoCusto, PrecoVenda, CodFornecedor) values (120, 'Corantes para madeira', 25.41, 40.40, 5);
insert into Produtos (CodProduto, Descricao, PrecoCusto, PrecoVenda, CodFornecedor) values (121, 'Correntes de metal *', 5.16, 6.45, 7);
insert into Produtos (CodProduto, Descricao, PrecoCusto, PrecoVenda, CodFornecedor) values (122, 'Cortadores de grama [instrumentos manuais]', 14.85, 20.64, 5);
insert into Produtos (CodProduto, Descricao, PrecoCusto, PrecoVenda, CodFornecedor) values (123, 'Dados', 1.11, 1.71, 13);
insert into Produtos (CodProduto, Descricao, PrecoCusto, PrecoVenda, CodFornecedor) values (124, 'Dedais para costura', 16.80, 19.82, 10);
insert into Produtos (CodProduto, Descricao, PrecoCusto, PrecoVenda, CodFornecedor) values (125, 'Dentaduras', 15.84, 24.24, 10);
insert into Produtos (CodProduto, Descricao, PrecoCusto, PrecoVenda, CodFornecedor) values (126, 'Dentes artificiais', 5.88, 8.82, 5);
insert into Produtos (CodProduto, Descricao, PrecoCusto, PrecoVenda, CodFornecedor) values (127, 'Desinfetantes', 1.20, 1.81, 11);
insert into Produtos (CodProduto, Descricao, PrecoCusto, PrecoVenda, CodFornecedor) values (128, 'Desodorantes [perfumaria]', 10.29, 15.13, 11);
insert into Produtos (CodProduto, Descricao, PrecoCusto, PrecoVenda, CodFornecedor) values (129, 'Dinamite', 16.32, 22.20, 1);
insert into Produtos (CodProduto, Descricao, PrecoCusto, PrecoVenda, CodFornecedor) values (130, 'Diodos emissores de luz [LED]', 17.55, 26.50, 3);
insert into Produtos (CodProduto, Descricao, PrecoCusto, PrecoVenda, CodFornecedor) values (131, 'Discos compactos', 20.43, 32.69, 9);
insert into Produtos (CodProduto, Descricao, PrecoCusto, PrecoVenda, CodFornecedor) values (132, 'Discos compactos [áudio e vídeo]', 29.58, 45.55, 12);
insert into Produtos (CodProduto, Descricao, PrecoCusto, PrecoVenda, CodFornecedor) values (133, 'Discos fonográficos', 28.65, 37.25, 14);
insert into Produtos (CodProduto, Descricao, PrecoCusto, PrecoVenda, CodFornecedor) values (134, 'Discos ópticos', 27.51, 43.47, 1);
insert into Produtos (CodProduto, Descricao, PrecoCusto, PrecoVenda, CodFornecedor) values (135, 'Drives de disquetes para computadores', 26.07, 31.81, 14);
insert into Produtos (CodProduto, Descricao, PrecoCusto, PrecoVenda, CodFornecedor) values (136, 'Elásticos para escritório', 10.35, 13.04, 9);
insert into Produtos (CodProduto, Descricao, PrecoCusto, PrecoVenda, CodFornecedor) values (137, 'Escovas *', 5.25, 7.09, 1);
insert into Produtos (CodProduto, Descricao, PrecoCusto, PrecoVenda, CodFornecedor) values (138, 'Esfregões', 14.46, 22.41, 12);
insert into Produtos (CodProduto, Descricao, PrecoCusto, PrecoVenda, CodFornecedor) values (139, 'Espelhos', 16.44, 22.03, 9);
insert into Produtos (CodProduto, Descricao, PrecoCusto, PrecoVenda, CodFornecedor) values (140, 'Espetos para assar', 0.42, 0.62, 6);
insert into Produtos (CodProduto, Descricao, PrecoCusto, PrecoVenda, CodFornecedor) values (141, 'Espinafre fresco', 12.75, 15.81, 12);
insert into Produtos (CodProduto, Descricao, PrecoCusto, PrecoVenda, CodFornecedor) values (142, 'Esponjas de toalete', 13.98, 20.13, 6);
insert into Produtos (CodProduto, Descricao, PrecoCusto, PrecoVenda, CodFornecedor) values (143, 'Esquis', 10.92, 16.93, 6);
insert into Produtos (CodProduto, Descricao, PrecoCusto, PrecoVenda, CodFornecedor) values (144, 'Estantes de música', 6.42, 7.64, 4);
insert into Produtos (CodProduto, Descricao, PrecoCusto, PrecoVenda, CodFornecedor) values (145, 'Estojos de barbear', 4.53, 5.93, 5);
insert into Produtos (CodProduto, Descricao, PrecoCusto, PrecoVenda, CodFornecedor) values (146, 'Estojos de cosméticos', 24.09, 34.21, 7);
insert into Produtos (CodProduto, Descricao, PrecoCusto, PrecoVenda, CodFornecedor) values (147, 'Etanol [combustível]', 24.69, 30.62, 9);
insert into Produtos (CodProduto, Descricao, PrecoCusto, PrecoVenda, CodFornecedor) values (148, 'Dedais para costura', 7.29, 9.77, 6);
insert into Produtos (CodProduto, Descricao, PrecoCusto, PrecoVenda, CodFornecedor) values (149, 'Dentaduras', 7.56, 11.42, 1);
insert into Produtos (CodProduto, Descricao, PrecoCusto, PrecoVenda, CodFornecedor) values (150, 'Dentes artificiais', 8.07, 11.94, 9);
insert into Produtos (CodProduto, Descricao, PrecoCusto, PrecoVenda, CodFornecedor) values (151, 'Desinfetantes', 24.90, 37.85, 14);
insert into Produtos (CodProduto, Descricao, PrecoCusto, PrecoVenda, CodFornecedor) values (152, 'Desodorantes [perfumaria]', 11.58, 18.53, 9);
insert into Produtos (CodProduto, Descricao, PrecoCusto, PrecoVenda, CodFornecedor) values (153, 'Dinamite', 3.78, 4.88, 5);
insert into Produtos (CodProduto, Descricao, PrecoCusto, PrecoVenda, CodFornecedor) values (154, 'Diodos emissores de luz [LED]', 19.05, 28.58, 10);
insert into Produtos (CodProduto, Descricao, PrecoCusto, PrecoVenda, CodFornecedor) values (155, 'Discos compactos', 4.89, 6.55, 5);
insert into Produtos (CodProduto, Descricao, PrecoCusto, PrecoVenda, CodFornecedor) values (156, 'Discos compactos [áudio e vídeo]', 22.74, 28.20, 3);
insert into Produtos (CodProduto, Descricao, PrecoCusto, PrecoVenda, CodFornecedor) values (157, 'Discos fonográficos', 8.79, 10.37, 13);
insert into Produtos (CodProduto, Descricao, PrecoCusto, PrecoVenda, CodFornecedor) values (158, 'Discos ópticos', 11.19, 16.79, 9);
insert into Produtos (CodProduto, Descricao, PrecoCusto, PrecoVenda, CodFornecedor) values (159, 'Drives de disquetes para computadores', 28.74, 39.37, 6);
insert into Produtos (CodProduto, Descricao, PrecoCusto, PrecoVenda, CodFornecedor) values (160, 'Elásticos para escritório', 10.14, 16.22, 9);
insert into Produtos (CodProduto, Descricao, PrecoCusto, PrecoVenda, CodFornecedor) values (161, 'Escovas *', 9.60, 15.17, 1);
insert into Produtos (CodProduto, Descricao, PrecoCusto, PrecoVenda, CodFornecedor) values (162, 'Esfregões', 25.95, 38.67, 12);
insert into Produtos (CodProduto, Descricao, PrecoCusto, PrecoVenda, CodFornecedor) values (163, 'Espelhos', 12.03, 18.65, 10);
insert into Produtos (CodProduto, Descricao, PrecoCusto, PrecoVenda, CodFornecedor) values (164, 'Espetos para assar', 17.22, 26.17, 15);
insert into Produtos (CodProduto, Descricao, PrecoCusto, PrecoVenda, CodFornecedor) values (165, 'Espinafre fresco', 22.56, 25.94, 7);
insert into Produtos (CodProduto, Descricao, PrecoCusto, PrecoVenda, CodFornecedor) values (166, 'Esponjas de toalete', 2.31, 2.80, 13);
insert into Produtos (CodProduto, Descricao, PrecoCusto, PrecoVenda, CodFornecedor) values (167, 'Esquis', 19.95, 26.53, 7);
insert into Produtos (CodProduto, Descricao, PrecoCusto, PrecoVenda, CodFornecedor) values (168, 'Estantes de música', 11.67, 17.15, 3);
insert into Produtos (CodProduto, Descricao, PrecoCusto, PrecoVenda, CodFornecedor) values (169, 'Estojos de barbear', 12.93, 18.23, 10);
insert into Produtos (CodProduto, Descricao, PrecoCusto, PrecoVenda, CodFornecedor) values (170, 'Estojos de cosméticos', 12.18, 17.54, 10);
insert into Produtos (CodProduto, Descricao, PrecoCusto, PrecoVenda, CodFornecedor) values (171, 'Etanol [combustível]', 27.21, 32.11, 3);
insert into Produtos (CodProduto, Descricao, PrecoCusto, PrecoVenda, CodFornecedor) values (172, 'Facas *', 6.93, 8.18, 3);
insert into Produtos (CodProduto, Descricao, PrecoCusto, PrecoVenda, CodFornecedor) values (173, 'Facas de cerâmica', 20.34, 29.90, 6);
insert into Produtos (CodProduto, Descricao, PrecoCusto, PrecoVenda, CodFornecedor) values (174, 'Farelo', 0.45, 0.54, 5);
insert into Produtos (CodProduto, Descricao, PrecoCusto, PrecoVenda, CodFornecedor) values (175, 'Farinha de aveia', 24.45, 35.21, 14);
insert into Produtos (CodProduto, Descricao, PrecoCusto, PrecoVenda, CodFornecedor) values (176, 'Farinha de rosca', 26.46, 41.28, 11);
insert into Produtos (CodProduto, Descricao, PrecoCusto, PrecoVenda, CodFornecedor) values (177, 'Farinha de soja', 22.26, 32.50, 15);
insert into Produtos (CodProduto, Descricao, PrecoCusto, PrecoVenda, CodFornecedor) values (178, 'Farinha de trigo', 20.55, 29.80, 12);
insert into Produtos (CodProduto, Descricao, PrecoCusto, PrecoVenda, CodFornecedor) values (179, 'Fatiadores de ovos [não-elétricos]', 16.05, 25.04, 2);
insert into Produtos (CodProduto, Descricao, PrecoCusto, PrecoVenda, CodFornecedor) values (180, 'Fatiadores de queijo [não-elétricos]', 13.08, 16.87, 13);
insert into Produtos (CodProduto, Descricao, PrecoCusto, PrecoVenda, CodFornecedor) values (181, 'Feno', 15.78, 22.88, 3);
insert into Produtos (CodProduto, Descricao, PrecoCusto, PrecoVenda, CodFornecedor) values (182, 'Fermento', 6.54, 8.70, 12);
insert into Produtos (CodProduto, Descricao, PrecoCusto, PrecoVenda, CodFornecedor) values (183, 'Fermentos para massas', 8.43, 13.32, 1);
insert into Produtos (CodProduto, Descricao, PrecoCusto, PrecoVenda, CodFornecedor) values (184, 'Ferraduras de metal', 6.24, 9.61, 14);
insert into Produtos (CodProduto, Descricao, PrecoCusto, PrecoVenda, CodFornecedor) values (185, 'Ferros de passar', 16.35, 24.20, 4);
insert into Produtos (CodProduto, Descricao, PrecoCusto, PrecoVenda, CodFornecedor) values (186, 'Fertilizantes', 27.63, 35.64, 13);
insert into Produtos (CodProduto, Descricao, PrecoCusto, PrecoVenda, CodFornecedor) values (187, 'Fibra de coco', 18.81, 26.52, 11);
insert into Produtos (CodProduto, Descricao, PrecoCusto, PrecoVenda, CodFornecedor) values (188, 'Fibras ópticas', 9.54, 15.07, 15);
insert into Produtos (CodProduto, Descricao, PrecoCusto, PrecoVenda, CodFornecedor) values (189, 'Fichas de arquivo', 16.02, 22.27, 2);
insert into Produtos (CodProduto, Descricao, PrecoCusto, PrecoVenda, CodFornecedor) values (190, 'Filtro de papel', 20.85, 27.52, 3);
insert into Produtos (CodProduto, Descricao, PrecoCusto, PrecoVenda, CodFornecedor) values (191, 'Fios de aço', 18.96, 27.68, 1);
insert into Produtos (CodProduto, Descricao, PrecoCusto, PrecoVenda, CodFornecedor) values (192, 'Fios de algodão', 1.95, 2.36, 6);
insert into Produtos (CodProduto, Descricao, PrecoCusto, PrecoVenda, CodFornecedor) values (193, 'Fios elétricos', 5.73, 7.96, 12);
insert into Produtos (CodProduto, Descricao, PrecoCusto, PrecoVenda, CodFornecedor) values (194, 'Fitas de vídeo', 8.28, 13.08, 12);
insert into Produtos (CodProduto, Descricao, PrecoCusto, PrecoVenda, CodFornecedor) values (195, 'Fitas magnéticas', 7.05, 9.24, 15);
insert into Produtos (CodProduto, Descricao, PrecoCusto, PrecoVenda, CodFornecedor) values (196, 'Fitas métricas [apetrechos de costura]', 3.54, 5.59, 10);
insert into Produtos (CodProduto, Descricao, PrecoCusto, PrecoVenda, CodFornecedor) values (197, 'Fitas para gravação de som', 18.00, 26.82, 13);
insert into Produtos (CodProduto, Descricao, PrecoCusto, PrecoVenda, CodFornecedor) values (198, 'Flash [fotografia]', 6.03, 8.80, 8);
insert into Produtos (CodProduto, Descricao, PrecoCusto, PrecoVenda, CodFornecedor) values (199, 'Focinheira', 6.27, 8.78, 11);
insert into Produtos (CodProduto, Descricao, PrecoCusto, PrecoVenda, CodFornecedor) values (200, 'Fogareiros', 15.45, 20.24, 1);
insert into Produtos (CodProduto, Descricao, PrecoCusto, PrecoVenda, CodFornecedor) values (201, 'Fogões de cozinha', 20.52, 28.73, 11);
insert into Produtos (CodProduto, Descricao, PrecoCusto, PrecoVenda, CodFornecedor) values (202, 'Fogos de artifício', 4.53, 6.80, 14);
insert into Produtos (CodProduto, Descricao, PrecoCusto, PrecoVenda, CodFornecedor) values (203, 'Fones de ouvido', 0.18, 0.25, 4);
insert into Produtos (CodProduto, Descricao, PrecoCusto, PrecoVenda, CodFornecedor) values (204, 'Formas de cozinha', 2.73, 3.36, 5);
insert into Produtos (CodProduto, Descricao, PrecoCusto, PrecoVenda, CodFornecedor) values (205, 'Formas para gelo', 5.46, 8.63, 13);
insert into Produtos (CodProduto, Descricao, PrecoCusto, PrecoVenda, CodFornecedor) values (206, 'Frigideiras', 26.28, 32.85, 11);
insert into Produtos (CodProduto, Descricao, PrecoCusto, PrecoVenda, CodFornecedor) values (207, 'Fruta artificial', 27.90, 44.64, 10);
insert into Produtos (CodProduto, Descricao, PrecoCusto, PrecoVenda, CodFornecedor) values (208, 'Frutas congeladas', 2.55, 3.72, 4);
insert into Produtos (CodProduto, Descricao, PrecoCusto, PrecoVenda, CodFornecedor) values (209, 'Frutas cozidas', 16.05, 21.51, 3);
insert into Produtos (CodProduto, Descricao, PrecoCusto, PrecoVenda, CodFornecedor) values (210, 'Frutas cristalizadas', 23.04, 29.49, 14);
insert into Produtos (CodProduto, Descricao, PrecoCusto, PrecoVenda, CodFornecedor) values (211, 'Frutas em conserva', 16.14, 20.82, 6);
insert into Produtos (CodProduto, Descricao, PrecoCusto, PrecoVenda, CodFornecedor) values (212, 'Fusíveis', 6.87, 9.07, 12);
insert into Produtos (CodProduto, Descricao, PrecoCusto, PrecoVenda, CodFornecedor) values (213, 'Dedais para costura', 24.75, 37.37, 6);
insert into Produtos (CodProduto, Descricao, PrecoCusto, PrecoVenda, CodFornecedor) values (214, 'Dentaduras', 2.58, 4.05, 6);
insert into Produtos (CodProduto, Descricao, PrecoCusto, PrecoVenda, CodFornecedor) values (215, 'Dentes artificiais', 15.27, 18.02, 6);
insert into Produtos (CodProduto, Descricao, PrecoCusto, PrecoVenda, CodFornecedor) values (216, 'Desinfetantes', 29.97, 43.16, 13);
insert into Produtos (CodProduto, Descricao, PrecoCusto, PrecoVenda, CodFornecedor) values (217, 'Desodorantes [perfumaria]', 23.79, 29.74, 8);
insert into Produtos (CodProduto, Descricao, PrecoCusto, PrecoVenda, CodFornecedor) values (218, 'Dinamite', 13.56, 21.56, 14);
insert into Produtos (CodProduto, Descricao, PrecoCusto, PrecoVenda, CodFornecedor) values (219, 'Diodos emissores de luz [LED]', 13.47, 16.97, 10);
insert into Produtos (CodProduto, Descricao, PrecoCusto, PrecoVenda, CodFornecedor) values (220, 'Discos compactos', 9.18, 12.48, 9);
insert into Produtos (CodProduto, Descricao, PrecoCusto, PrecoVenda, CodFornecedor) values (221, 'Discos compactos [áudio e vídeo]', 21.24, 33.13, 5);
insert into Produtos (CodProduto, Descricao, PrecoCusto, PrecoVenda, CodFornecedor) values (222, 'Discos fonográficos', 7.02, 10.04, 2);
insert into Produtos (CodProduto, Descricao, PrecoCusto, PrecoVenda, CodFornecedor) values (223, 'Discos ópticos', 15.66, 22.39, 8);
insert into Produtos (CodProduto, Descricao, PrecoCusto, PrecoVenda, CodFornecedor) values (224, 'Drives de disquetes para computadores', 23.55, 32.73, 14);
insert into Produtos (CodProduto, Descricao, PrecoCusto, PrecoVenda, CodFornecedor) values (225, 'Elásticos para escritório', 6.24, 7.61, 10);
insert into Produtos (CodProduto, Descricao, PrecoCusto, PrecoVenda, CodFornecedor) values (226, 'Escovas *', 7.32, 10.69, 11);
insert into Produtos (CodProduto, Descricao, PrecoCusto, PrecoVenda, CodFornecedor) values (227, 'Esfregões', 19.71, 23.45, 15);
insert into Produtos (CodProduto, Descricao, PrecoCusto, PrecoVenda, CodFornecedor) values (228, 'Espelhos', 16.95, 21.02, 6);
insert into Produtos (CodProduto, Descricao, PrecoCusto, PrecoVenda, CodFornecedor) values (229, 'Espetos para assar', 14.97, 20.66, 6);
insert into Produtos (CodProduto, Descricao, PrecoCusto, PrecoVenda, CodFornecedor) values (230, 'Espinafre fresco', 10.53, 15.90, 4);
insert into Produtos (CodProduto, Descricao, PrecoCusto, PrecoVenda, CodFornecedor) values (231, 'Esponjas de toalete', 18.24, 29.00, 15);
insert into Produtos (CodProduto, Descricao, PrecoCusto, PrecoVenda, CodFornecedor) values (232, 'Esquis', 14.55, 23.28, 8);
insert into Produtos (CodProduto, Descricao, PrecoCusto, PrecoVenda, CodFornecedor) values (233, 'Estantes de música', 18.42, 29.47, 4);
insert into Produtos (CodProduto, Descricao, PrecoCusto, PrecoVenda, CodFornecedor) values (234, 'Estojos de barbear', 27.30, 31.40, 11);
insert into Produtos (CodProduto, Descricao, PrecoCusto, PrecoVenda, CodFornecedor) values (235, 'Estojos de cosméticos', 9.66, 13.52, 2);
insert into Produtos (CodProduto, Descricao, PrecoCusto, PrecoVenda, CodFornecedor) values (236, 'Etanol [combustível]', 2.19, 2.54, 13);
insert into Produtos (CodProduto, Descricao, PrecoCusto, PrecoVenda, CodFornecedor) values (237, 'Facas *', 5.70, 7.81, 8);
insert into Produtos (CodProduto, Descricao, PrecoCusto, PrecoVenda, CodFornecedor) values (238, 'Facas de cerâmica', 7.95, 9.22, 7);
insert into Produtos (CodProduto, Descricao, PrecoCusto, PrecoVenda, CodFornecedor) values (239, 'Farelo', 27.51, 39.34, 12);
insert into Produtos (CodProduto, Descricao, PrecoCusto, PrecoVenda, CodFornecedor) values (240, 'Farinha de aveia', 1.44, 1.94, 15);
insert into Produtos (CodProduto, Descricao, PrecoCusto, PrecoVenda, CodFornecedor) values (241, 'Farinha de rosca', 29.82, 36.38, 14);
insert into Produtos (CodProduto, Descricao, PrecoCusto, PrecoVenda, CodFornecedor) values (242, 'Farinha de soja', 2.49, 3.59, 12);
insert into Produtos (CodProduto, Descricao, PrecoCusto, PrecoVenda, CodFornecedor) values (243, 'Farinha de trigo', 30.00, 44.10, 13);
insert into Produtos (CodProduto, Descricao, PrecoCusto, PrecoVenda, CodFornecedor) values (244, 'Fatiadores de ovos [não-elétricos]', 27.03, 35.41, 8);
insert into Produtos (CodProduto, Descricao, PrecoCusto, PrecoVenda, CodFornecedor) values (245, 'Fatiadores de queijo [não-elétricos]', 23.40, 37.21, 9);
insert into Produtos (CodProduto, Descricao, PrecoCusto, PrecoVenda, CodFornecedor) values (246, 'Feno', 22.50, 28.58, 9);
insert into Produtos (CodProduto, Descricao, PrecoCusto, PrecoVenda, CodFornecedor) values (247, 'Fermento', 21.99, 34.74, 11);
insert into Produtos (CodProduto, Descricao, PrecoCusto, PrecoVenda, CodFornecedor) values (248, 'Fermentos para massas', 22.68, 34.02, 5);
insert into Produtos (CodProduto, Descricao, PrecoCusto, PrecoVenda, CodFornecedor) values (249, 'Ferraduras de metal', 3.54, 4.35, 3);
insert into Produtos (CodProduto, Descricao, PrecoCusto, PrecoVenda, CodFornecedor) values (250, 'Ferros de passar', 4.35, 5.79, 7);
insert into Produtos (CodProduto, Descricao, PrecoCusto, PrecoVenda, CodFornecedor) values (251, 'Fertilizantes', 15.42, 24.52, 5);
insert into Produtos (CodProduto, Descricao, PrecoCusto, PrecoVenda, CodFornecedor) values (252, 'Fibra de coco', 9.00, 11.52, 6);
insert into Produtos (CodProduto, Descricao, PrecoCusto, PrecoVenda, CodFornecedor) values (253, 'Fibras ópticas', 15.09, 23.69, 7);
insert into Produtos (CodProduto, Descricao, PrecoCusto, PrecoVenda, CodFornecedor) values (254, 'Fichas de arquivo', 3.63, 4.76, 3);
insert into Produtos (CodProduto, Descricao, PrecoCusto, PrecoVenda, CodFornecedor) values (255, 'Filtro de papel', 8.82, 12.52, 11);
insert into Produtos (CodProduto, Descricao, PrecoCusto, PrecoVenda, CodFornecedor) values (256, 'Fios de aço', 9.15, 10.98, 6);
insert into Produtos (CodProduto, Descricao, PrecoCusto, PrecoVenda, CodFornecedor) values (257, 'Fios de algodão', 14.94, 21.21, 1);
insert into Produtos (CodProduto, Descricao, PrecoCusto, PrecoVenda, CodFornecedor) values (258, 'Fios elétricos', 26.25, 36.75, 5);
insert into Produtos (CodProduto, Descricao, PrecoCusto, PrecoVenda, CodFornecedor) values (259, 'Fitas de vídeo', 17.64, 28.22, 11);
insert into Produtos (CodProduto, Descricao, PrecoCusto, PrecoVenda, CodFornecedor) values (260, 'Fitas magnéticas', 5.25, 6.25, 3);
insert into Produtos (CodProduto, Descricao, PrecoCusto, PrecoVenda, CodFornecedor) values (261, 'Fitas métricas [apetrechos de costura]', 11.61, 13.70, 8);
insert into Produtos (CodProduto, Descricao, PrecoCusto, PrecoVenda, CodFornecedor) values (262, 'Fitas para gravação de som', 0.90, 1.32, 7);
insert into Produtos (CodProduto, Descricao, PrecoCusto, PrecoVenda, CodFornecedor) values (263, 'Flash [fotografia]', 2.94, 4.00, 6);
insert into Produtos (CodProduto, Descricao, PrecoCusto, PrecoVenda, CodFornecedor) values (264, 'Focinheira', 19.89, 25.66, 11);
insert into Produtos (CodProduto, Descricao, PrecoCusto, PrecoVenda, CodFornecedor) values (265, 'Fogareiros', 10.17, 14.85, 8);
insert into Produtos (CodProduto, Descricao, PrecoCusto, PrecoVenda, CodFornecedor) values (266, 'Fogões de cozinha', 22.65, 35.79, 4);
insert into Produtos (CodProduto, Descricao, PrecoCusto, PrecoVenda, CodFornecedor) values (267, 'Fogos de artifício', 20.07, 23.08, 6);
insert into Produtos (CodProduto, Descricao, PrecoCusto, PrecoVenda, CodFornecedor) values (268, 'Fones de ouvido', 8.22, 10.11, 13);
insert into Produtos (CodProduto, Descricao, PrecoCusto, PrecoVenda, CodFornecedor) values (269, 'Formas de cozinha', 28.50, 33.63, 1);
insert into Produtos (CodProduto, Descricao, PrecoCusto, PrecoVenda, CodFornecedor) values (270, 'Formas para gelo', 28.05, 40.11, 2);
insert into Produtos (CodProduto, Descricao, PrecoCusto, PrecoVenda, CodFornecedor) values (271, 'Frigideiras', 28.44, 38.39, 8);
insert into Produtos (CodProduto, Descricao, PrecoCusto, PrecoVenda, CodFornecedor) values (272, 'Fruta artificial', 10.92, 16.71, 9);
insert into Produtos (CodProduto, Descricao, PrecoCusto, PrecoVenda, CodFornecedor) values (273, 'Frutas congeladas', 14.67, 22.30, 7);
insert into Produtos (CodProduto, Descricao, PrecoCusto, PrecoVenda, CodFornecedor) values (274, 'Frutas cozidas', 13.08, 18.18, 1);
insert into Produtos (CodProduto, Descricao, PrecoCusto, PrecoVenda, CodFornecedor) values (275, 'Frutas cristalizadas', 1.08, 1.58, 11);
insert into Produtos (CodProduto, Descricao, PrecoCusto, PrecoVenda, CodFornecedor) values (276, 'Frutas em conserva', 18.60, 23.62, 12);
insert into Produtos (CodProduto, Descricao, PrecoCusto, PrecoVenda, CodFornecedor) values (277, 'Fusíveis', 11.67, 14.70, 13);
insert into Produtos (CodProduto, Descricao, PrecoCusto, PrecoVenda, CodFornecedor) values (278, 'Garrafas térmicas', 16.65, 22.14, 6);
insert into Produtos (CodProduto, Descricao, PrecoCusto, PrecoVenda, CodFornecedor) values (279, 'Gás combustível', 13.02, 19.14, 12);
insert into Produtos (CodProduto, Descricao, PrecoCusto, PrecoVenda, CodFornecedor) values (280, 'Gelatina', 26.52, 40.05, 3);
insert into Produtos (CodProduto, Descricao, PrecoCusto, PrecoVenda, CodFornecedor) values (281, 'Geléias de frutas', 26.64, 34.37, 12);
insert into Produtos (CodProduto, Descricao, PrecoCusto, PrecoVenda, CodFornecedor) values (282, 'Gim', 21.69, 29.72, 6);
insert into Produtos (CodProduto, Descricao, PrecoCusto, PrecoVenda, CodFornecedor) values (283, 'Hardware de computador', 11.94, 16.48, 11);
insert into Produtos (CodProduto, Descricao, PrecoCusto, PrecoVenda, CodFornecedor) values (284, 'Iogurte', 1.74, 2.59, 4);
insert into Produtos (CodProduto, Descricao, PrecoCusto, PrecoVenda, CodFornecedor) values (285, 'Ketchup [molho]', 8.52, 11.76, 11);
insert into Produtos (CodProduto, Descricao, PrecoCusto, PrecoVenda, CodFornecedor) values (286, 'Leite', 10.32, 12.38, 7);
insert into Produtos (CodProduto, Descricao, PrecoCusto, PrecoVenda, CodFornecedor) values (287, 'Leite condensado', 3.36, 5.04, 7);
insert into Produtos (CodProduto, Descricao, PrecoCusto, PrecoVenda, CodFornecedor) values (288, 'Leitores de código de barras', 0.96, 1.46, 10);
insert into Produtos (CodProduto, Descricao, PrecoCusto, PrecoVenda, CodFornecedor) values (289, 'Leitores ópticos de caractere', 20.43, 32.48, 7);
insert into Produtos (CodProduto, Descricao, PrecoCusto, PrecoVenda, CodFornecedor) values (290, 'Limões frescos', 1.80, 2.84, 9);
insert into Produtos (CodProduto, Descricao, PrecoCusto, PrecoVenda, CodFornecedor) values (291, 'Lixas', 22.74, 33.20, 5);
insert into Produtos (CodProduto, Descricao, PrecoCusto, PrecoVenda, CodFornecedor) values (292, 'Margarina', 23.04, 29.49, 1);
insert into Produtos (CodProduto, Descricao, PrecoCusto, PrecoVenda, CodFornecedor) values (293, 'Mármore', 11.04, 17.00, 14);
insert into Produtos (CodProduto, Descricao, PrecoCusto, PrecoVenda, CodFornecedor) values (294, 'Massa de tomate', 27.33, 42.36, 1);
insert into Produtos (CodProduto, Descricao, PrecoCusto, PrecoVenda, CodFornecedor) values (295, 'Massa folhada', 22.86, 33.38, 11);
insert into Produtos (CodProduto, Descricao, PrecoCusto, PrecoVenda, CodFornecedor) values (296, 'Massa para bolo', 17.58, 24.96, 11);
insert into Produtos (CodProduto, Descricao, PrecoCusto, PrecoVenda, CodFornecedor) values (297, 'Mel', 15.09, 18.71, 7);
insert into Produtos (CodProduto, Descricao, PrecoCusto, PrecoVenda, CodFornecedor) values (298, 'Milho', 28.95, 43.71, 1);
insert into Produtos (CodProduto, Descricao, PrecoCusto, PrecoVenda, CodFornecedor) values (299, 'Milho para pipoca', 16.38, 21.13, 14);
insert into Produtos (CodProduto, Descricao, PrecoCusto, PrecoVenda, CodFornecedor) values (300, 'Óleo de amêndoas', 3.57, 5.68, 15);
insert into Produtos (CodProduto, Descricao, PrecoCusto, PrecoVenda, CodFornecedor) values (301, 'Óleo de coco', 3.21, 4.69, 11);
insert into Produtos (CodProduto, Descricao, PrecoCusto, PrecoVenda, CodFornecedor) values (302, 'Ovos *', 21.09, 30.58, 15);
insert into Produtos (CodProduto, Descricao, PrecoCusto, PrecoVenda, CodFornecedor) values (303, 'Parafusos de metal', 29.04, 37.46, 7);
insert into Produtos (CodProduto, Descricao, PrecoCusto, PrecoVenda, CodFornecedor) values (304, 'Picles', 9.81, 12.65, 2);
insert into Produtos (CodProduto, Descricao, PrecoCusto, PrecoVenda, CodFornecedor) values (305, 'Potes de biscoitos', 8.25, 12.05, 9);
insert into Produtos (CodProduto, Descricao, PrecoCusto, PrecoVenda, CodFornecedor) values (306, 'Dedais para costura', 23.01, 29.68, 1);
insert into Produtos (CodProduto, Descricao, PrecoCusto, PrecoVenda, CodFornecedor) values (307, 'Dentaduras', 22.38, 32.45, 11);
insert into Produtos (CodProduto, Descricao, PrecoCusto, PrecoVenda, CodFornecedor) values (308, 'Dentes artificiais', 7.11, 9.10, 8);
insert into Produtos (CodProduto, Descricao, PrecoCusto, PrecoVenda, CodFornecedor) values (309, 'Desinfetantes', 10.17, 15.87, 13);
insert into Produtos (CodProduto, Descricao, PrecoCusto, PrecoVenda, CodFornecedor) values (310, 'Desodorantes [perfumaria]', 22.11, 27.86, 8);
insert into Produtos (CodProduto, Descricao, PrecoCusto, PrecoVenda, CodFornecedor) values (311, 'Dinamite', 4.47, 6.71, 10);
insert into Produtos (CodProduto, Descricao, PrecoCusto, PrecoVenda, CodFornecedor) values (312, 'Diodos emissores de luz [LED]', 10.59, 15.99, 14);
insert into Produtos (CodProduto, Descricao, PrecoCusto, PrecoVenda, CodFornecedor) values (313, 'Discos compactos', 24.06, 37.53, 13);
insert into Produtos (CodProduto, Descricao, PrecoCusto, PrecoVenda, CodFornecedor) values (314, 'Discos compactos [áudio e vídeo]', 18.15, 24.50, 3);
insert into Produtos (CodProduto, Descricao, PrecoCusto, PrecoVenda, CodFornecedor) values (315, 'Discos fonográficos', 2.01, 2.41, 7);
insert into Produtos (CodProduto, Descricao, PrecoCusto, PrecoVenda, CodFornecedor) values (316, 'Discos ópticos', 1.71, 2.58, 4);
insert into Produtos (CodProduto, Descricao, PrecoCusto, PrecoVenda, CodFornecedor) values (317, 'Drives de disquetes para computadores', 26.82, 31.11, 13);
insert into Produtos (CodProduto, Descricao, PrecoCusto, PrecoVenda, CodFornecedor) values (318, 'Elásticos para escritório', 19.35, 26.90, 7);
insert into Produtos (CodProduto, Descricao, PrecoCusto, PrecoVenda, CodFornecedor) values (319, 'Escovas *', 1.35, 2.07, 3);
insert into Produtos (CodProduto, Descricao, PrecoCusto, PrecoVenda, CodFornecedor) values (320, 'Esfregões', 10.89, 16.44, 13);
insert into Produtos (CodProduto, Descricao, PrecoCusto, PrecoVenda, CodFornecedor) values (321, 'Espelhos', 13.29, 16.21, 7);
insert into Produtos (CodProduto, Descricao, PrecoCusto, PrecoVenda, CodFornecedor) values (322, 'Espetos para assar', 28.11, 35.14, 14);
insert into Produtos (CodProduto, Descricao, PrecoCusto, PrecoVenda, CodFornecedor) values (323, 'Espinafre fresco', 18.81, 28.97, 9);
insert into Produtos (CodProduto, Descricao, PrecoCusto, PrecoVenda, CodFornecedor) values (324, 'Esponjas de toalete', 15.30, 20.20, 4);
insert into Produtos (CodProduto, Descricao, PrecoCusto, PrecoVenda, CodFornecedor) values (325, 'Esquis', 7.11, 11.02, 11);
insert into Produtos (CodProduto, Descricao, PrecoCusto, PrecoVenda, CodFornecedor) values (326, 'Estantes de música', 11.97, 15.08, 10);
insert into Produtos (CodProduto, Descricao, PrecoCusto, PrecoVenda, CodFornecedor) values (327, 'Estojos de barbear', 25.68, 35.95, 13);
insert into Produtos (CodProduto, Descricao, PrecoCusto, PrecoVenda, CodFornecedor) values (328, 'Estojos de cosméticos', 6.09, 8.16, 7);
insert into Produtos (CodProduto, Descricao, PrecoCusto, PrecoVenda, CodFornecedor) values (329, 'Etanol [combustível]', 12.57, 16.34, 15);
insert into Produtos (CodProduto, Descricao, PrecoCusto, PrecoVenda, CodFornecedor) values (330, 'Facas *', 23.94, 36.63, 7);
insert into Produtos (CodProduto, Descricao, PrecoCusto, PrecoVenda, CodFornecedor) values (331, 'Facas de cerâmica', 24.84, 29.56, 11);
insert into Produtos (CodProduto, Descricao, PrecoCusto, PrecoVenda, CodFornecedor) values (332, 'Farelo', 4.44, 6.44, 11);
insert into Produtos (CodProduto, Descricao, PrecoCusto, PrecoVenda, CodFornecedor) values (333, 'Farinha de aveia', 14.40, 21.60, 13);
insert into Produtos (CodProduto, Descricao, PrecoCusto, PrecoVenda, CodFornecedor) values (334, 'Farinha de rosca', 12.24, 19.22, 15);
insert into Produtos (CodProduto, Descricao, PrecoCusto, PrecoVenda, CodFornecedor) values (335, 'Farinha de soja', 16.02, 23.39, 7);
insert into Produtos (CodProduto, Descricao, PrecoCusto, PrecoVenda, CodFornecedor) values (336, 'Farinha de trigo', 13.32, 16.38, 4);
insert into Produtos (CodProduto, Descricao, PrecoCusto, PrecoVenda, CodFornecedor) values (337, 'Fatiadores de ovos [não-elétricos]', 0.18, 0.27, 9);
insert into Produtos (CodProduto, Descricao, PrecoCusto, PrecoVenda, CodFornecedor) values (338, 'Fatiadores de queijo [não-elétricos]', 6.57, 10.38, 4);
insert into Produtos (CodProduto, Descricao, PrecoCusto, PrecoVenda, CodFornecedor) values (339, 'Feno', 19.59, 30.76, 4);
insert into Produtos (CodProduto, Descricao, PrecoCusto, PrecoVenda, CodFornecedor) values (340, 'Fermento', 4.71, 6.74, 14);
insert into Produtos (CodProduto, Descricao, PrecoCusto, PrecoVenda, CodFornecedor) values (341, 'Fermentos para massas', 22.80, 35.34, 7);
insert into Produtos (CodProduto, Descricao, PrecoCusto, PrecoVenda, CodFornecedor) values (342, 'Ferraduras de metal', 28.35, 39.97, 6);
insert into Produtos (CodProduto, Descricao, PrecoCusto, PrecoVenda, CodFornecedor) values (343, 'Ferros de passar', 24.03, 36.05, 7);
insert into Produtos (CodProduto, Descricao, PrecoCusto, PrecoVenda, CodFornecedor) values (344, 'Fertilizantes', 12.15, 16.52, 15);
insert into Produtos (CodProduto, Descricao, PrecoCusto, PrecoVenda, CodFornecedor) values (345, 'Fibra de coco', 23.43, 33.97, 8);
insert into Produtos (CodProduto, Descricao, PrecoCusto, PrecoVenda, CodFornecedor) values (346, 'Fibras ópticas', 18.90, 22.87, 5);
insert into Produtos (CodProduto, Descricao, PrecoCusto, PrecoVenda, CodFornecedor) values (347, 'Fichas de arquivo', 10.17, 14.34, 10);
insert into Produtos (CodProduto, Descricao, PrecoCusto, PrecoVenda, CodFornecedor) values (348, 'Filtro de papel', 18.60, 25.11, 3);
insert into Produtos (CodProduto, Descricao, PrecoCusto, PrecoVenda, CodFornecedor) values (349, 'Fios de aço', 12.45, 14.69, 7);
insert into Produtos (CodProduto, Descricao, PrecoCusto, PrecoVenda, CodFornecedor) values (350, 'Fios de algodão', 15.27, 21.68, 11);
insert into Produtos (CodProduto, Descricao, PrecoCusto, PrecoVenda, CodFornecedor) values (351, 'Fios elétricos', 9.09, 13.54, 18);
insert into Produtos (CodProduto, Descricao, PrecoCusto, PrecoVenda, CodFornecedor) values (352, 'Fitas de vídeo', 6.36, 8.78, 17);
insert into Produtos (CodProduto, Descricao, PrecoCusto, PrecoVenda, CodFornecedor) values (353, 'Fitas magnéticas', 23.49, 27.95, 20);
insert into Produtos (CodProduto, Descricao, PrecoCusto, PrecoVenda, CodFornecedor) values (354, 'Fitas métricas [apetrechos de costura]', 8.94, 13.05, 18);
insert into Produtos (CodProduto, Descricao, PrecoCusto, PrecoVenda, CodFornecedor) values (355, 'Fitas para gravação de som', 4.02, 4.70, 17);
insert into Produtos (CodProduto, Descricao, PrecoCusto, PrecoVenda, CodFornecedor) values (356, 'Flash [fotografia]', 10.77, 13.57, 16);
insert into Produtos (CodProduto, Descricao, PrecoCusto, PrecoVenda, CodFornecedor) values (357, 'Focinheira', 23.43, 30.93, 17);
insert into Produtos (CodProduto, Descricao, PrecoCusto, PrecoVenda, CodFornecedor) values (358, 'Fogareiros', 29.58, 34.90, 16);
insert into Produtos (CodProduto, Descricao, PrecoCusto, PrecoVenda, CodFornecedor) values (359, 'Fogões de cozinha', 2.04, 2.57, 16);
insert into Produtos (CodProduto, Descricao, PrecoCusto, PrecoVenda, CodFornecedor) values (360, 'Fogos de artifício', 3.78, 4.91, 19);
insert into Produtos (CodProduto, Descricao, PrecoCusto, PrecoVenda, CodFornecedor) values (361, 'Fones de ouvido', 17.88, 25.57, 19);
insert into Produtos (CodProduto, Descricao, PrecoCusto, PrecoVenda, CodFornecedor) values (362, 'Formas de cozinha', 24.39, 30.98, 19);
insert into Produtos (CodProduto, Descricao, PrecoCusto, PrecoVenda, CodFornecedor) values (363, 'Formas para gelo', 28.98, 35.07, 19);
insert into Produtos (CodProduto, Descricao, PrecoCusto, PrecoVenda, CodFornecedor) values (364, 'Frigideiras', 0.27, 0.33, 18);
insert into Produtos (CodProduto, Descricao, PrecoCusto, PrecoVenda, CodFornecedor) values (365, 'Fruta artificial', 15.87, 21.74, 19);
insert into Produtos (CodProduto, Descricao, PrecoCusto, PrecoVenda, CodFornecedor) values (366, 'Frutas congeladas', 27.96, 39.42, 17);
insert into Produtos (CodProduto, Descricao, PrecoCusto, PrecoVenda, CodFornecedor) values (367, 'Frutas cozidas', 6.72, 9.48, 16);
insert into Produtos (CodProduto, Descricao, PrecoCusto, PrecoVenda, CodFornecedor) values (368, 'Frutas cristalizadas', 17.25, 21.74, 19);
insert into Produtos (CodProduto, Descricao, PrecoCusto, PrecoVenda, CodFornecedor) values (369, 'Frutas em conserva', 19.47, 30.96, 16);
insert into Produtos (CodProduto, Descricao, PrecoCusto, PrecoVenda, CodFornecedor) values (370, 'Fusíveis', 23.37, 34.35, 17);
insert into Produtos (CodProduto, Descricao, PrecoCusto, PrecoVenda, CodFornecedor) values (371, 'Garrafas térmicas', 22.11, 31.84, 16);
insert into Produtos (CodProduto, Descricao, PrecoCusto, PrecoVenda, CodFornecedor) values (372, 'Gás combustível', 23.94, 30.16, 16);
insert into Produtos (CodProduto, Descricao, PrecoCusto, PrecoVenda, CodFornecedor) values (373, 'Gelatina', 5.73, 9.11, 20);
insert into Produtos (CodProduto, Descricao, PrecoCusto, PrecoVenda, CodFornecedor) values (374, 'Geléias de frutas', 3.09, 4.11, 16);
insert into Produtos (CodProduto, Descricao, PrecoCusto, PrecoVenda, CodFornecedor) values (375, 'Gim', 11.46, 13.18, 19);
insert into Produtos (CodProduto, Descricao, PrecoCusto, PrecoVenda, CodFornecedor) values (376, 'Hardware de computador', 14.28, 19.71, 20);
insert into Produtos (CodProduto, Descricao, PrecoCusto, PrecoVenda, CodFornecedor) values (377, 'Iogurte', 28.02, 39.79, 16);
insert into Produtos (CodProduto, Descricao, PrecoCusto, PrecoVenda, CodFornecedor) values (378, 'Ketchup [molho]', 27.90, 37.67, 17);
insert into Produtos (CodProduto, Descricao, PrecoCusto, PrecoVenda, CodFornecedor) values (379, 'Leite', 3.48, 5.43, 20);
insert into Produtos (CodProduto, Descricao, PrecoCusto, PrecoVenda, CodFornecedor) values (380, 'Leite condensado', 5.91, 9.22, 18);
insert into Produtos (CodProduto, Descricao, PrecoCusto, PrecoVenda, CodFornecedor) values (381, 'Leitores de código de barras', 8.76, 10.60, 18);
insert into Produtos (CodProduto, Descricao, PrecoCusto, PrecoVenda, CodFornecedor) values (382, 'Leitores ópticos de caractere', 4.68, 7.25, 19);
insert into Produtos (CodProduto, Descricao, PrecoCusto, PrecoVenda, CodFornecedor) values (383, 'Limões frescos', 10.98, 16.91, 19);
insert into Produtos (CodProduto, Descricao, PrecoCusto, PrecoVenda, CodFornecedor) values (384, 'Lixas', 23.82, 33.82, 16);
insert into Produtos (CodProduto, Descricao, PrecoCusto, PrecoVenda, CodFornecedor) values (385, 'Margarina', 2.52, 3.12, 16);
insert into Produtos (CodProduto, Descricao, PrecoCusto, PrecoVenda, CodFornecedor) values (386, 'Mármore', 5.73, 7.51, 20);
insert into Produtos (CodProduto, Descricao, PrecoCusto, PrecoVenda, CodFornecedor) values (387, 'Massa de tomate', 25.53, 40.34, 20);
insert into Produtos (CodProduto, Descricao, PrecoCusto, PrecoVenda, CodFornecedor) values (388, 'Massa folhada', 5.34, 6.25, 17);
insert into Produtos (CodProduto, Descricao, PrecoCusto, PrecoVenda, CodFornecedor) values (389, 'Massa para bolo', 15.60, 19.03, 20);
insert into Produtos (CodProduto, Descricao, PrecoCusto, PrecoVenda, CodFornecedor) values (390, 'Mel', 15.15, 18.48, 16);
insert into Produtos (CodProduto, Descricao, PrecoCusto, PrecoVenda, CodFornecedor) values (391, 'Milho', 8.22, 13.15, 20);
insert into Produtos (CodProduto, Descricao, PrecoCusto, PrecoVenda, CodFornecedor) values (392, 'Milho para pipoca', 21.99, 32.33, 16);
insert into Produtos (CodProduto, Descricao, PrecoCusto, PrecoVenda, CodFornecedor) values (393, 'Óleo de amêndoas', 1.32, 1.56, 16);
insert into Produtos (CodProduto, Descricao, PrecoCusto, PrecoVenda, CodFornecedor) values (394, 'Óleo de coco', 5.61, 6.62, 16);
insert into Produtos (CodProduto, Descricao, PrecoCusto, PrecoVenda, CodFornecedor) values (395, 'Ovos *', 22.38, 31.78, 19);
insert into Produtos (CodProduto, Descricao, PrecoCusto, PrecoVenda, CodFornecedor) values (396, 'Parafusos de metal', 13.53, 17.59, 17);
insert into Produtos (CodProduto, Descricao, PrecoCusto, PrecoVenda, CodFornecedor) values (397, 'Picles', 15.00, 20.40, 19);
insert into Produtos (CodProduto, Descricao, PrecoCusto, PrecoVenda, CodFornecedor) values (398, 'Potes de biscoitos', 20.46, 25.98, 17);
insert into Produtos (CodProduto, Descricao, PrecoCusto, PrecoVenda, CodFornecedor) values (399, 'Pratos', 9.48, 10.90, 20);
insert into Produtos (CodProduto, Descricao, PrecoCusto, PrecoVenda, CodFornecedor) values (400, 'Pratos de papel', 20.25, 29.36, 18);
insert into Produtos (CodProduto, Descricao, PrecoCusto, PrecoVenda, CodFornecedor) values (401, 'Pregos', 28.32, 32.57, 20);
insert into Produtos (CodProduto, Descricao, PrecoCusto, PrecoVenda, CodFornecedor) values (402, 'Purê de maçã', 7.08, 10.48, 16);
insert into Produtos (CodProduto, Descricao, PrecoCusto, PrecoVenda, CodFornecedor) values (403, 'Purê de tomate', 1.20, 1.55, 17);
insert into Produtos (CodProduto, Descricao, PrecoCusto, PrecoVenda, CodFornecedor) values (404, 'Sabonetes', 15.60, 20.75, 18);
insert into Produtos (CodProduto, Descricao, PrecoCusto, PrecoVenda, CodFornecedor) values (405, 'Sal amoníaco', 1.44, 2.03, 20);
insert into Produtos (CodProduto, Descricao, PrecoCusto, PrecoVenda, CodFornecedor) values (406, 'Salsichas', 10.56, 15.31, 19);
insert into Produtos (CodProduto, Descricao, PrecoCusto, PrecoVenda, CodFornecedor) values (407, 'Sopas', 3.45, 3.97, 20);
insert into Produtos (CodProduto, Descricao, PrecoCusto, PrecoVenda, CodFornecedor) values (408, 'Sorvete', 14.40, 20.16, 16);
insert into Produtos (CodProduto, Descricao, PrecoCusto, PrecoVenda, CodFornecedor) values (409, 'Tablets', 5.10, 6.12, 18);
insert into Produtos (CodProduto, Descricao, PrecoCusto, PrecoVenda, CodFornecedor) values (410, 'Tabuleiros de xadrez', 7.23, 8.53, 18);
insert into Produtos (CodProduto, Descricao, PrecoCusto, PrecoVenda, CodFornecedor) values (411, 'Taças para frutas', 1.23, 1.77, 16);
insert into Produtos (CodProduto, Descricao, PrecoCusto, PrecoVenda, CodFornecedor) values (412, 'Tapetes antiderrapantes', 23.85, 29.81, 17);
insert into Produtos (CodProduto, Descricao, PrecoCusto, PrecoVenda, CodFornecedor) values (413, 'Trajes de banho', 22.23, 28.01, 17);
insert into Produtos (CodProduto, Descricao, PrecoCusto, PrecoVenda, CodFornecedor) values (414, 'Trigo', 16.14, 21.14, 16);
insert into Produtos (CodProduto, Descricao, PrecoCusto, PrecoVenda, CodFornecedor) values (415, 'Tripés para câmeras', 4.71, 5.56, 20);
insert into Produtos (CodProduto, Descricao, PrecoCusto, PrecoVenda, CodFornecedor) values (416, 'Uvas secas [passas]', 1.11, 1.57, 17);
insert into Produtos (CodProduto, Descricao, PrecoCusto, PrecoVenda, CodFornecedor) values (417, 'Vasos', 27.51, 40.71, 18);
insert into Produtos (CodProduto, Descricao, PrecoCusto, PrecoVenda, CodFornecedor) values (418, 'Vassouras', 5.91, 8.81, 18);
insert into Produtos (CodProduto, Descricao, PrecoCusto, PrecoVenda, CodFornecedor) values (419, 'Videogames', 4.62, 6.70, 16);
insert into Produtos (CodProduto, Descricao, PrecoCusto, PrecoVenda, CodFornecedor) values (420, 'Viscose', 6.57, 9.92, 19);
insert into Produtos (CodProduto, Descricao, PrecoCusto, PrecoVenda, CodFornecedor) values (421, 'Zinco', 20.16, 30.24, 18);

-- Tabela Compras
insert into Compras (CodCompra, CodCliente, DataCompra) values (1, 5, '14/04/2019');
insert into Compras (CodCompra, CodCliente, DataCompra) values (2, 13, '10/06/2019');
insert into Compras (CodCompra, CodCliente, DataCompra) values (3, 9, '14/12/2019');
insert into Compras (CodCompra, CodCliente, DataCompra) values (4, 12, '11/04/2019');
insert into Compras (CodCompra, CodCliente, DataCompra) values (5, 15, '07/04/2019');
insert into Compras (CodCompra, CodCliente, DataCompra) values (6, 2, '18/01/2020');
insert into Compras (CodCompra, CodCliente, DataCompra) values (7, 13, '03/12/2019');
insert into Compras (CodCompra, CodCliente, DataCompra) values (8, 13, '01/04/2019');
insert into Compras (CodCompra, CodCliente, DataCompra) values (9, 5, '26/04/2019');
insert into Compras (CodCompra, CodCliente, DataCompra) values (10, 4, '19/09/2019');
insert into Compras (CodCompra, CodCliente, DataCompra) values (11, 2, '03/04/2019');
insert into Compras (CodCompra, CodCliente, DataCompra) values (12, 11, '17/01/2019');
insert into Compras (CodCompra, CodCliente, DataCompra) values (13, 11, '01/02/2019');
insert into Compras (CodCompra, CodCliente, DataCompra) values (14, 1, '27/02/2019');
insert into Compras (CodCompra, CodCliente, DataCompra) values (15, 9, '23/02/2019');
insert into Compras (CodCompra, CodCliente, DataCompra) values (16, 2, '02/01/2020');
insert into Compras (CodCompra, CodCliente, DataCompra) values (17, 4, '08/01/2019');
insert into Compras (CodCompra, CodCliente, DataCompra) values (18, 5, '10/11/2019');
insert into Compras (CodCompra, CodCliente, DataCompra) values (19, 6, '05/01/2020');
insert into Compras (CodCompra, CodCliente, DataCompra) values (20, 1, '03/09/2019');
insert into Compras (CodCompra, CodCliente, DataCompra) values (21, 14, '30/04/2020');
insert into Compras (CodCompra, CodCliente, DataCompra) values (22, 12, '10/08/2019');
insert into Compras (CodCompra, CodCliente, DataCompra) values (23, 2, '27/04/2020');
insert into Compras (CodCompra, CodCliente, DataCompra) values (24, 1, '04/01/2019');
insert into Compras (CodCompra, CodCliente, DataCompra) values (25, 11, '14/01/2020');
insert into Compras (CodCompra, CodCliente, DataCompra) values (26, 8, '19/09/2019');
insert into Compras (CodCompra, CodCliente, DataCompra) values (27, 13, '01/03/2019');
insert into Compras (CodCompra, CodCliente, DataCompra) values (28, 3, '28/08/2019');
insert into Compras (CodCompra, CodCliente, DataCompra) values (29, 3, '02/07/2019');
insert into Compras (CodCompra, CodCliente, DataCompra) values (30, 15, '05/01/2020');
insert into Compras (CodCompra, CodCliente, DataCompra) values (31, 4, '30/07/2019');
insert into Compras (CodCompra, CodCliente, DataCompra) values (32, 1, '08/04/2019');
insert into Compras (CodCompra, CodCliente, DataCompra) values (33, 4, '29/03/2020');
insert into Compras (CodCompra, CodCliente, DataCompra) values (34, 4, '20/09/2019');
insert into Compras (CodCompra, CodCliente, DataCompra) values (35, 10, '02/08/2019');
insert into Compras (CodCompra, CodCliente, DataCompra) values (36, 11, '18/01/2020');
insert into Compras (CodCompra, CodCliente, DataCompra) values (37, 12, '25/04/2019');
insert into Compras (CodCompra, CodCliente, DataCompra) values (38, 8, '11/10/2019');
insert into Compras (CodCompra, CodCliente, DataCompra) values (39, 11, '19/10/2019');
insert into Compras (CodCompra, CodCliente, DataCompra) values (40, 7, '06/07/2019');
insert into Compras (CodCompra, CodCliente, DataCompra) values (41, 4, '14/06/2019');
insert into Compras (CodCompra, CodCliente, DataCompra) values (42, 7, '30/12/2019');
insert into Compras (CodCompra, CodCliente, DataCompra) values (43, 7, '22/11/2019');
insert into Compras (CodCompra, CodCliente, DataCompra) values (44, 5, '29/07/2019');
insert into Compras (CodCompra, CodCliente, DataCompra) values (45, 8, '13/05/2019');
insert into Compras (CodCompra, CodCliente, DataCompra) values (46, 5, '06/07/2019');
insert into Compras (CodCompra, CodCliente, DataCompra) values (47, 3, '23/08/2019');
insert into Compras (CodCompra, CodCliente, DataCompra) values (48, 5, '27/01/2020');
insert into Compras (CodCompra, CodCliente, DataCompra) values (49, 6, '02/08/2019');
insert into Compras (CodCompra, CodCliente, DataCompra) values (50, 6, '09/02/2020');
insert into Compras (CodCompra, CodCliente, DataCompra) values (51, 8, '13/01/2019');
insert into Compras (CodCompra, CodCliente, DataCompra) values (52, 10, '26/03/2019');
insert into Compras (CodCompra, CodCliente, DataCompra) values (53, 11, '17/03/2020');
insert into Compras (CodCompra, CodCliente, DataCompra) values (54, 9, '17/05/2019');
insert into Compras (CodCompra, CodCliente, DataCompra) values (55, 2, '16/01/2019');
insert into Compras (CodCompra, CodCliente, DataCompra) values (56, 12, '12/03/2019');
insert into Compras (CodCompra, CodCliente, DataCompra) values (57, 3, '03/03/2019');
insert into Compras (CodCompra, CodCliente, DataCompra) values (58, 13, '01/04/2019');
insert into Compras (CodCompra, CodCliente, DataCompra) values (59, 13, '06/05/2019');
insert into Compras (CodCompra, CodCliente, DataCompra) values (60, 2, '12/03/2019');
insert into Compras (CodCompra, CodCliente, DataCompra) values (61, 13, '12/01/2019');
insert into Compras (CodCompra, CodCliente, DataCompra) values (62, 12, '29/03/2019');
insert into Compras (CodCompra, CodCliente, DataCompra) values (63, 4, '18/12/2019');
insert into Compras (CodCompra, CodCliente, DataCompra) values (64, 12, '20/03/2020');
insert into Compras (CodCompra, CodCliente, DataCompra) values (65, 12, '16/01/2020');
insert into Compras (CodCompra, CodCliente, DataCompra) values (66, 4, '08/09/2019');
insert into Compras (CodCompra, CodCliente, DataCompra) values (67, 9, '10/07/2019');
insert into Compras (CodCompra, CodCliente, DataCompra) values (68, 11, '07/02/2020');
insert into Compras (CodCompra, CodCliente, DataCompra) values (69, 2, '27/10/2019');
insert into Compras (CodCompra, CodCliente, DataCompra) values (70, 9, '17/11/2019');
insert into Compras (CodCompra, CodCliente, DataCompra) values (71, 12, '18/03/2020');
insert into Compras (CodCompra, CodCliente, DataCompra) values (72, 5, '14/02/2020');
insert into Compras (CodCompra, CodCliente, DataCompra) values (73, 6, '09/05/2019');
insert into Compras (CodCompra, CodCliente, DataCompra) values (74, 8, '16/03/2019');
insert into Compras (CodCompra, CodCliente, DataCompra) values (75, 1, '11/10/2019');
insert into Compras (CodCompra, CodCliente, DataCompra) values (76, 11, '29/07/2019');
insert into Compras (CodCompra, CodCliente, DataCompra) values (77, 8, '20/12/2019');
insert into Compras (CodCompra, CodCliente, DataCompra) values (78, 5, '27/02/2019');
insert into Compras (CodCompra, CodCliente, DataCompra) values (79, 12, '20/02/2019');
insert into Compras (CodCompra, CodCliente, DataCompra) values (80, 9, '09/05/2019');
insert into Compras (CodCompra, CodCliente, DataCompra) values (81, 6, '22/01/2020');
insert into Compras (CodCompra, CodCliente, DataCompra) values (82, 14, '20/03/2020');
insert into Compras (CodCompra, CodCliente, DataCompra) values (83, 12, '08/06/2019');
insert into Compras (CodCompra, CodCliente, DataCompra) values (84, 11, '17/08/2019');
insert into Compras (CodCompra, CodCliente, DataCompra) values (85, 2, '26/04/2019');
insert into Compras (CodCompra, CodCliente, DataCompra) values (86, 10, '23/04/2020');
insert into Compras (CodCompra, CodCliente, DataCompra) values (87, 15, '12/01/2019');
insert into Compras (CodCompra, CodCliente, DataCompra) values (88, 2, '14/06/2019');
insert into Compras (CodCompra, CodCliente, DataCompra) values (89, 8, '18/06/2019');
insert into Compras (CodCompra, CodCliente, DataCompra) values (90, 4, '04/12/2019');
insert into Compras (CodCompra, CodCliente, DataCompra) values (91, 12, '13/04/2019');
insert into Compras (CodCompra, CodCliente, DataCompra) values (92, 8, '15/08/2019');
insert into Compras (CodCompra, CodCliente, DataCompra) values (93, 7, '12/05/2019');
insert into Compras (CodCompra, CodCliente, DataCompra) values (94, 15, '27/05/2019');
insert into Compras (CodCompra, CodCliente, DataCompra) values (95, 2, '02/04/2020');
insert into Compras (CodCompra, CodCliente, DataCompra) values (96, 5, '09/01/2019');
insert into Compras (CodCompra, CodCliente, DataCompra) values (97, 2, '17/03/2019');
insert into Compras (CodCompra, CodCliente, DataCompra) values (98, 4, '22/09/2019');
insert into Compras (CodCompra, CodCliente, DataCompra) values (99, 15, '02/08/2019');
insert into Compras (CodCompra, CodCliente, DataCompra) values (100, 6, '24/04/2019');
insert into Compras (CodCompra, CodCliente, DataCompra) values (101, 9, '27/02/2019');
insert into Compras (CodCompra, CodCliente, DataCompra) values (102, 7, '07/03/2019');
insert into Compras (CodCompra, CodCliente, DataCompra) values (103, 5, '01/10/2019');
insert into Compras (CodCompra, CodCliente, DataCompra) values (104, 15, '05/08/2019');
insert into Compras (CodCompra, CodCliente, DataCompra) values (105, 9, '08/09/2019');
insert into Compras (CodCompra, CodCliente, DataCompra) values (106, 1, '18/01/2020');
insert into Compras (CodCompra, CodCliente, DataCompra) values (107, 1, '30/12/2019');
insert into Compras (CodCompra, CodCliente, DataCompra) values (108, 4, '26/02/2019');
insert into Compras (CodCompra, CodCliente, DataCompra) values (109, 7, '04/09/2019');
insert into Compras (CodCompra, CodCliente, DataCompra) values (110, 12, '01/08/2019');
insert into Compras (CodCompra, CodCliente, DataCompra) values (111, 11, '02/05/2019');
insert into Compras (CodCompra, CodCliente, DataCompra) values (112, 11, '17/02/2020');
insert into Compras (CodCompra, CodCliente, DataCompra) values (113, 9, '21/05/2019');
insert into Compras (CodCompra, CodCliente, DataCompra) values (114, 4, '31/01/2019');
insert into Compras (CodCompra, CodCliente, DataCompra) values (115, 12, '05/01/2020');
insert into Compras (CodCompra, CodCliente, DataCompra) values (116, 7, '30/04/2019');
insert into Compras (CodCompra, CodCliente, DataCompra) values (117, 2, '21/03/2020');
insert into Compras (CodCompra, CodCliente, DataCompra) values (118, 10, '21/11/2019');
insert into Compras (CodCompra, CodCliente, DataCompra) values (119, 5, '21/02/2020');
insert into Compras (CodCompra, CodCliente, DataCompra) values (120, 6, '29/01/2020');
insert into Compras (CodCompra, CodCliente, DataCompra) values (121, 3, '04/07/2019');
insert into Compras (CodCompra, CodCliente, DataCompra) values (122, 2, '29/03/2019');
insert into Compras (CodCompra, CodCliente, DataCompra) values (123, 7, '28/04/2020');
insert into Compras (CodCompra, CodCliente, DataCompra) values (124, 13, '08/04/2019');
insert into Compras (CodCompra, CodCliente, DataCompra) values (125, 5, '09/03/2019');
insert into Compras (CodCompra, CodCliente, DataCompra) values (126, 5, '07/02/2019');
insert into Compras (CodCompra, CodCliente, DataCompra) values (127, 1, '29/09/2019');
insert into Compras (CodCompra, CodCliente, DataCompra) values (128, 2, '03/06/2019');
insert into Compras (CodCompra, CodCliente, DataCompra) values (129, 7, '16/01/2019');
insert into Compras (CodCompra, CodCliente, DataCompra) values (130, 3, '04/11/2019');
insert into Compras (CodCompra, CodCliente, DataCompra) values (131, 6, '26/03/2019');
insert into Compras (CodCompra, CodCliente, DataCompra) values (132, 10, '07/04/2019');
insert into Compras (CodCompra, CodCliente, DataCompra) values (133, 6, '10/02/2019');
insert into Compras (CodCompra, CodCliente, DataCompra) values (134, 10, '27/04/2019');
insert into Compras (CodCompra, CodCliente, DataCompra) values (135, 1, '08/05/2019');
insert into Compras (CodCompra, CodCliente, DataCompra) values (136, 3, '01/08/2019');
insert into Compras (CodCompra, CodCliente, DataCompra) values (137, 1, '09/01/2019');
insert into Compras (CodCompra, CodCliente, DataCompra) values (138, 4, '14/08/2019');
insert into Compras (CodCompra, CodCliente, DataCompra) values (139, 2, '03/04/2020');
insert into Compras (CodCompra, CodCliente, DataCompra) values (140, 8, '27/04/2019');
insert into Compras (CodCompra, CodCliente, DataCompra) values (141, 10, '21/01/2020');
insert into Compras (CodCompra, CodCliente, DataCompra) values (142, 1, '08/04/2019');
insert into Compras (CodCompra, CodCliente, DataCompra) values (143, 7, '30/08/2019');
insert into Compras (CodCompra, CodCliente, DataCompra) values (144, 2, '19/01/2019');
insert into Compras (CodCompra, CodCliente, DataCompra) values (145, 3, '21/08/2019');
insert into Compras (CodCompra, CodCliente, DataCompra) values (146, 13, '05/04/2019');
insert into Compras (CodCompra, CodCliente, DataCompra) values (147, 13, '02/10/2019');
insert into Compras (CodCompra, CodCliente, DataCompra) values (148, 1, '28/03/2020');
insert into Compras (CodCompra, CodCliente, DataCompra) values (149, 9, '02/06/2019');
insert into Compras (CodCompra, CodCliente, DataCompra) values (150, 14, '16/10/2019');
insert into Compras (CodCompra, CodCliente, DataCompra) values (151, 4, '30/04/2020');
insert into Compras (CodCompra, CodCliente, DataCompra) values (152, 6, '25/05/2019');
insert into Compras (CodCompra, CodCliente, DataCompra) values (153, 3, '20/03/2019');
insert into Compras (CodCompra, CodCliente, DataCompra) values (154, 11, '29/12/2019');
insert into Compras (CodCompra, CodCliente, DataCompra) values (155, 11, '14/10/2019');
insert into Compras (CodCompra, CodCliente, DataCompra) values (156, 5, '15/10/2019');
insert into Compras (CodCompra, CodCliente, DataCompra) values (157, 12, '27/01/2019');
insert into Compras (CodCompra, CodCliente, DataCompra) values (158, 7, '26/12/2019');
insert into Compras (CodCompra, CodCliente, DataCompra) values (159, 15, '15/01/2020');
insert into Compras (CodCompra, CodCliente, DataCompra) values (160, 8, '31/05/2019');
insert into Compras (CodCompra, CodCliente, DataCompra) values (161, 10, '07/03/2019');
insert into Compras (CodCompra, CodCliente, DataCompra) values (162, 8, '21/08/2019');
insert into Compras (CodCompra, CodCliente, DataCompra) values (163, 8, '08/07/2019');
insert into Compras (CodCompra, CodCliente, DataCompra) values (164, 5, '04/04/2020');
insert into Compras (CodCompra, CodCliente, DataCompra) values (165, 14, '07/03/2019');
insert into Compras (CodCompra, CodCliente, DataCompra) values (166, 12, '05/11/2019');
insert into Compras (CodCompra, CodCliente, DataCompra) values (167, 9, '28/01/2019');
insert into Compras (CodCompra, CodCliente, DataCompra) values (168, 11, '04/11/2019');
insert into Compras (CodCompra, CodCliente, DataCompra) values (169, 8, '19/09/2019');
insert into Compras (CodCompra, CodCliente, DataCompra) values (170, 12, '13/01/2020');
insert into Compras (CodCompra, CodCliente, DataCompra) values (171, 7, '21/03/2020');
insert into Compras (CodCompra, CodCliente, DataCompra) values (172, 14, '01/09/2019');
insert into Compras (CodCompra, CodCliente, DataCompra) values (173, 15, '15/03/2019');
insert into Compras (CodCompra, CodCliente, DataCompra) values (174, 7, '02/01/2019');
insert into Compras (CodCompra, CodCliente, DataCompra) values (175, 6, '08/09/2019');
insert into Compras (CodCompra, CodCliente, DataCompra) values (176, 5, '27/09/2019');
insert into Compras (CodCompra, CodCliente, DataCompra) values (177, 1, '09/03/2020');
insert into Compras (CodCompra, CodCliente, DataCompra) values (178, 14, '24/07/2019');
insert into Compras (CodCompra, CodCliente, DataCompra) values (179, 9, '07/11/2019');
insert into Compras (CodCompra, CodCliente, DataCompra) values (180, 13, '07/11/2019');
insert into Compras (CodCompra, CodCliente, DataCompra) values (181, 9, '01/11/2019');
insert into Compras (CodCompra, CodCliente, DataCompra) values (182, 13, '06/07/2019');
insert into Compras (CodCompra, CodCliente, DataCompra) values (183, 11, '27/04/2020');
insert into Compras (CodCompra, CodCliente, DataCompra) values (184, 9, '09/12/2019');
insert into Compras (CodCompra, CodCliente, DataCompra) values (185, 6, '09/06/2019');
insert into Compras (CodCompra, CodCliente, DataCompra) values (186, 10, '20/04/2020');
insert into Compras (CodCompra, CodCliente, DataCompra) values (187, 15, '15/04/2020');
insert into Compras (CodCompra, CodCliente, DataCompra) values (188, 1, '20/04/2019');
insert into Compras (CodCompra, CodCliente, DataCompra) values (189, 3, '25/04/2020');
insert into Compras (CodCompra, CodCliente, DataCompra) values (190, 1, '12/02/2020');
insert into Compras (CodCompra, CodCliente, DataCompra) values (191, 5, '13/05/2019');
insert into Compras (CodCompra, CodCliente, DataCompra) values (192, 6, '01/10/2019');
insert into Compras (CodCompra, CodCliente, DataCompra) values (193, 13, '12/12/2019');
insert into Compras (CodCompra, CodCliente, DataCompra) values (194, 9, '17/12/2019');
insert into Compras (CodCompra, CodCliente, DataCompra) values (195, 6, '10/04/2019');
insert into Compras (CodCompra, CodCliente, DataCompra) values (196, 14, '22/01/2019');
insert into Compras (CodCompra, CodCliente, DataCompra) values (197, 2, '10/04/2019');
insert into Compras (CodCompra, CodCliente, DataCompra) values (198, 1, '20/03/2019');
insert into Compras (CodCompra, CodCliente, DataCompra) values (199, 12, '05/12/2019');
insert into Compras (CodCompra, CodCliente, DataCompra) values (200, 9, '12/01/2020');
insert into Compras (CodCompra, CodCliente, DataCompra) values (201, 6, '30/05/2019');
insert into Compras (CodCompra, CodCliente, DataCompra) values (202, 12, '19/04/2020');
insert into Compras (CodCompra, CodCliente, DataCompra) values (203, 12, '14/04/2020');
insert into Compras (CodCompra, CodCliente, DataCompra) values (204, 5, '05/08/2019');
insert into Compras (CodCompra, CodCliente, DataCompra) values (205, 3, '27/12/2019');
insert into Compras (CodCompra, CodCliente, DataCompra) values (206, 8, '08/10/2019');
insert into Compras (CodCompra, CodCliente, DataCompra) values (207, 11, '17/09/2019');
insert into Compras (CodCompra, CodCliente, DataCompra) values (208, 15, '25/01/2019');
insert into Compras (CodCompra, CodCliente, DataCompra) values (209, 9, '17/10/2019');
insert into Compras (CodCompra, CodCliente, DataCompra) values (210, 9, '25/04/2020');
insert into Compras (CodCompra, CodCliente, DataCompra) values (211, 4, '20/08/2019');
insert into Compras (CodCompra, CodCliente, DataCompra) values (212, 1, '27/01/2019');
insert into Compras (CodCompra, CodCliente, DataCompra) values (213, 7, '09/09/2019');
insert into Compras (CodCompra, CodCliente, DataCompra) values (214, 13, '20/10/2019');
insert into Compras (CodCompra, CodCliente, DataCompra) values (215, 13, '13/03/2020');
insert into Compras (CodCompra, CodCliente, DataCompra) values (216, 12, '30/05/2019');
insert into Compras (CodCompra, CodCliente, DataCompra) values (217, 12, '13/04/2020');
insert into Compras (CodCompra, CodCliente, DataCompra) values (218, 13, '16/02/2020');
insert into Compras (CodCompra, CodCliente, DataCompra) values (219, 3, '06/01/2020');
insert into Compras (CodCompra, CodCliente, DataCompra) values (220, 13, '06/02/2019');
insert into Compras (CodCompra, CodCliente, DataCompra) values (221, 12, '22/06/2019');
insert into Compras (CodCompra, CodCliente, DataCompra) values (222, 5, '02/01/2019');
insert into Compras (CodCompra, CodCliente, DataCompra) values (223, 12, '06/03/2019');
insert into Compras (CodCompra, CodCliente, DataCompra) values (224, 11, '29/08/2019');
insert into Compras (CodCompra, CodCliente, DataCompra) values (225, 4, '25/05/2019');
insert into Compras (CodCompra, CodCliente, DataCompra) values (226, 11, '31/08/2019');
insert into Compras (CodCompra, CodCliente, DataCompra) values (227, 8, '02/03/2020');
insert into Compras (CodCompra, CodCliente, DataCompra) values (228, 3, '22/01/2020');
insert into Compras (CodCompra, CodCliente, DataCompra) values (229, 10, '02/02/2019');
insert into Compras (CodCompra, CodCliente, DataCompra) values (230, 15, '22/08/2019');
insert into Compras (CodCompra, CodCliente, DataCompra) values (231, 4, '06/12/2019');
insert into Compras (CodCompra, CodCliente, DataCompra) values (232, 15, '16/02/2020');
insert into Compras (CodCompra, CodCliente, DataCompra) values (233, 10, '31/12/2019');
insert into Compras (CodCompra, CodCliente, DataCompra) values (234, 10, '13/02/2019');
insert into Compras (CodCompra, CodCliente, DataCompra) values (235, 3, '17/11/2019');
insert into Compras (CodCompra, CodCliente, DataCompra) values (236, 5, '27/03/2019');
insert into Compras (CodCompra, CodCliente, DataCompra) values (237, 8, '15/04/2019');
insert into Compras (CodCompra, CodCliente, DataCompra) values (238, 4, '18/05/2019');
insert into Compras (CodCompra, CodCliente, DataCompra) values (239, 5, '30/03/2020');
insert into Compras (CodCompra, CodCliente, DataCompra) values (240, 8, '27/10/2019');
insert into Compras (CodCompra, CodCliente, DataCompra) values (241, 14, '20/11/2019');
insert into Compras (CodCompra, CodCliente, DataCompra) values (242, 6, '01/11/2019');
insert into Compras (CodCompra, CodCliente, DataCompra) values (243, 14, '22/02/2019');
insert into Compras (CodCompra, CodCliente, DataCompra) values (244, 15, '02/04/2019');
insert into Compras (CodCompra, CodCliente, DataCompra) values (245, 13, '27/03/2019');
insert into Compras (CodCompra, CodCliente, DataCompra) values (246, 12, '27/03/2019');
insert into Compras (CodCompra, CodCliente, DataCompra) values (247, 8, '27/04/2019');
insert into Compras (CodCompra, CodCliente, DataCompra) values (248, 7, '04/01/2019');
insert into Compras (CodCompra, CodCliente, DataCompra) values (249, 4, '07/01/2020');
insert into Compras (CodCompra, CodCliente, DataCompra) values (250, 8, '22/01/2020');
insert into Compras (CodCompra, CodCliente, DataCompra) values (251, 11, '15/09/2019');
insert into Compras (CodCompra, CodCliente, DataCompra) values (252, 11, '22/09/2019');
insert into Compras (CodCompra, CodCliente, DataCompra) values (253, 15, '24/01/2020');
insert into Compras (CodCompra, CodCliente, DataCompra) values (254, 7, '19/01/2019');
insert into Compras (CodCompra, CodCliente, DataCompra) values (255, 14, '25/01/2019');
insert into Compras (CodCompra, CodCliente, DataCompra) values (256, 4, '02/11/2019');
insert into Compras (CodCompra, CodCliente, DataCompra) values (257, 3, '16/10/2019');
insert into Compras (CodCompra, CodCliente, DataCompra) values (258, 5, '09/06/2019');
insert into Compras (CodCompra, CodCliente, DataCompra) values (259, 14, '23/08/2019');
insert into Compras (CodCompra, CodCliente, DataCompra) values (260, 12, '19/04/2020');
insert into Compras (CodCompra, CodCliente, DataCompra) values (261, 14, '16/11/2019');
insert into Compras (CodCompra, CodCliente, DataCompra) values (262, 13, '29/08/2019');
insert into Compras (CodCompra, CodCliente, DataCompra) values (263, 14, '07/01/2019');
insert into Compras (CodCompra, CodCliente, DataCompra) values (264, 5, '25/04/2020');
insert into Compras (CodCompra, CodCliente, DataCompra) values (265, 14, '04/03/2019');
insert into Compras (CodCompra, CodCliente, DataCompra) values (266, 4, '26/06/2019');
insert into Compras (CodCompra, CodCliente, DataCompra) values (267, 9, '11/10/2019');
insert into Compras (CodCompra, CodCliente, DataCompra) values (268, 10, '02/08/2019');
insert into Compras (CodCompra, CodCliente, DataCompra) values (269, 14, '12/06/2019');
insert into Compras (CodCompra, CodCliente, DataCompra) values (270, 11, '27/11/2019');
insert into Compras (CodCompra, CodCliente, DataCompra) values (271, 8, '07/04/2020');
insert into Compras (CodCompra, CodCliente, DataCompra) values (272, 5, '13/04/2019');
insert into Compras (CodCompra, CodCliente, DataCompra) values (273, 14, '27/02/2020');
insert into Compras (CodCompra, CodCliente, DataCompra) values (274, 15, '12/12/2019');
insert into Compras (CodCompra, CodCliente, DataCompra) values (275, 14, '13/02/2020');
insert into Compras (CodCompra, CodCliente, DataCompra) values (276, 14, '13/09/2019');
insert into Compras (CodCompra, CodCliente, DataCompra) values (277, 6, '18/03/2020');
insert into Compras (CodCompra, CodCliente, DataCompra) values (278, 5, '21/09/2019');
insert into Compras (CodCompra, CodCliente, DataCompra) values (279, 6, '14/12/2019');
insert into Compras (CodCompra, CodCliente, DataCompra) values (280, 5, '07/10/2019');
insert into Compras (CodCompra, CodCliente, DataCompra) values (281, 6, '03/07/2019');
insert into Compras (CodCompra, CodCliente, DataCompra) values (282, 2, '10/11/2019');
insert into Compras (CodCompra, CodCliente, DataCompra) values (283, 7, '12/12/2019');
insert into Compras (CodCompra, CodCliente, DataCompra) values (284, 7, '16/06/2019');
insert into Compras (CodCompra, CodCliente, DataCompra) values (285, 8, '04/01/2019');
insert into Compras (CodCompra, CodCliente, DataCompra) values (286, 11, '20/11/2019');
insert into Compras (CodCompra, CodCliente, DataCompra) values (287, 7, '12/03/2019');
insert into Compras (CodCompra, CodCliente, DataCompra) values (288, 6, '12/05/2019');
insert into Compras (CodCompra, CodCliente, DataCompra) values (289, 13, '10/03/2020');
insert into Compras (CodCompra, CodCliente, DataCompra) values (290, 10, '28/03/2019');
insert into Compras (CodCompra, CodCliente, DataCompra) values (291, 7, '06/10/2019');
insert into Compras (CodCompra, CodCliente, DataCompra) values (292, 12, '28/08/2019');
insert into Compras (CodCompra, CodCliente, DataCompra) values (293, 15, '20/02/2019');
insert into Compras (CodCompra, CodCliente, DataCompra) values (294, 3, '21/05/2019');
insert into Compras (CodCompra, CodCliente, DataCompra) values (295, 4, '06/03/2019');
insert into Compras (CodCompra, CodCliente, DataCompra) values (296, 1, '24/04/2019');
insert into Compras (CodCompra, CodCliente, DataCompra) values (297, 12, '12/07/2019');
insert into Compras (CodCompra, CodCliente, DataCompra) values (298, 6, '27/12/2019');
insert into Compras (CodCompra, CodCliente, DataCompra) values (299, 2, '06/01/2019');
insert into Compras (CodCompra, CodCliente, DataCompra) values (300, 15, '26/07/2019');


-- Tabela ComprasItens
insert into ComprasItens (CodCompraItem, CodCompra, CodProduto, Quantidade, Preco) values (1, 144, 292, 17, 501.35);
insert into ComprasItens (CodCompraItem, CodCompra, CodProduto, Quantidade, Preco) values (2, 176, 150, 36, 429.97);
insert into ComprasItens (CodCompraItem, CodCompra, CodProduto, Quantidade, Preco) values (3, 18, 180, 22, 371.21);
insert into ComprasItens (CodCompraItem, CodCompra, CodProduto, Quantidade, Preco) values (4, 152, 28, 58, 67.18);
insert into ComprasItens (CodCompraItem, CodCompra, CodProduto, Quantidade, Preco) values (5, 144, 241, 71, 2583.01);
insert into ComprasItens (CodCompraItem, CodCompra, CodProduto, Quantidade, Preco) values (6, 208, 142, 132, 2657.32);
insert into ComprasItens (CodCompraItem, CodCompra, CodProduto, Quantidade, Preco) values (7, 233, 1, 103, 1533.01);
insert into ComprasItens (CodCompraItem, CodCompra, CodProduto, Quantidade, Preco) values (8, 101, 212, 100, 906.84);
insert into ComprasItens (CodCompraItem, CodCompra, CodProduto, Quantidade, Preco) values (9, 134, 4, 20, 44.16);
insert into ComprasItens (CodCompraItem, CodCompra, CodProduto, Quantidade, Preco) values (10, 145, 152, 35, 648.48);
insert into ComprasItens (CodCompraItem, CodCompra, CodProduto, Quantidade, Preco) values (11, 112, 52, 169, 3789.83);
insert into ComprasItens (CodCompraItem, CodCompra, CodProduto, Quantidade, Preco) values (12, 102, 350, 33, 715.55);
insert into ComprasItens (CodCompraItem, CodCompra, CodProduto, Quantidade, Preco) values (13, 272, 232, 119, 2770.32);
insert into ComprasItens (CodCompraItem, CodCompra, CodProduto, Quantidade, Preco) values (14, 190, 201, 133, 3820.82);
insert into ComprasItens (CodCompraItem, CodCompra, CodProduto, Quantidade, Preco) values (15, 179, 115, 182, 2907.94);
insert into ComprasItens (CodCompraItem, CodCompra, CodProduto, Quantidade, Preco) values (16, 186, 119, 3, 0.76);
insert into ComprasItens (CodCompraItem, CodCompra, CodProduto, Quantidade, Preco) values (17, 48, 54, 78, 1043.10);
insert into ComprasItens (CodCompraItem, CodCompra, CodProduto, Quantidade, Preco) values (18, 295, 104, 110, 1224.76);
insert into ComprasItens (CodCompraItem, CodCompra, CodProduto, Quantidade, Preco) values (19, 40, 146, 19, 649.95);
insert into ComprasItens (CodCompraItem, CodCompra, CodProduto, Quantidade, Preco) values (20, 17, 40, 113, 4718.88);
insert into ComprasItens (CodCompraItem, CodCompra, CodProduto, Quantidade, Preco) values (21, 62, 265, 147, 2182.69);
insert into ComprasItens (CodCompraItem, CodCompra, CodProduto, Quantidade, Preco) values (22, 87, 134, 62, 2694.88);
insert into ComprasItens (CodCompraItem, CodCompra, CodProduto, Quantidade, Preco) values (23, 258, 337, 198, 53.46);
insert into ComprasItens (CodCompraItem, CodCompra, CodProduto, Quantidade, Preco) values (24, 105, 117, 23, 965.66);
insert into ComprasItens (CodCompraItem, CodCompra, CodProduto, Quantidade, Preco) values (25, 213, 33, 189, 807.98);
insert into ComprasItens (CodCompraItem, CodCompra, CodProduto, Quantidade, Preco) values (26, 93, 337, 163, 44.01);
insert into ComprasItens (CodCompraItem, CodCompra, CodProduto, Quantidade, Preco) values (27, 203, 12, 43, 182.46);
insert into ComprasItens (CodCompraItem, CodCompra, CodProduto, Quantidade, Preco) values (28, 37, 308, 43, 391.33);
insert into ComprasItens (CodCompraItem, CodCompra, CodProduto, Quantidade, Preco) values (29, 230, 17, 4, 111.77);
insert into ComprasItens (CodCompraItem, CodCompra, CodProduto, Quantidade, Preco) values (30, 18, 240, 178, 346.03);
insert into ComprasItens (CodCompraItem, CodCompra, CodProduto, Quantidade, Preco) values (31, 175, 102, 48, 41.07);
insert into ComprasItens (CodCompraItem, CodCompra, CodProduto, Quantidade, Preco) values (32, 186, 318, 122, 3281.37);
insert into ComprasItens (CodCompraItem, CodCompra, CodProduto, Quantidade, Preco) values (33, 58, 184, 77, 739.94);
insert into ComprasItens (CodCompraItem, CodCompra, CodProduto, Quantidade, Preco) values (34, 185, 5, 66, 2593.31);
insert into ComprasItens (CodCompraItem, CodCompra, CodProduto, Quantidade, Preco) values (35, 99, 88, 86, 525.86);
insert into ComprasItens (CodCompraItem, CodCompra, CodProduto, Quantidade, Preco) values (36, 221, 194, 29, 379.39);
insert into ComprasItens (CodCompraItem, CodCompra, CodProduto, Quantidade, Preco) values (37, 162, 271, 158, 6066.25);
insert into ComprasItens (CodCompraItem, CodCompra, CodProduto, Quantidade, Preco) values (38, 20, 93, 136, 4652.59);
insert into ComprasItens (CodCompraItem, CodCompra, CodProduto, Quantidade, Preco) values (39, 43, 31, 9, 83.98);
insert into ComprasItens (CodCompraItem, CodCompra, CodProduto, Quantidade, Preco) values (40, 146, 18, 111, 683.72);
insert into ComprasItens (CodCompraItem, CodCompra, CodProduto, Quantidade, Preco) values (41, 129, 279, 193, 3693.90);
insert into ComprasItens (CodCompraItem, CodCompra, CodProduto, Quantidade, Preco) values (42, 42, 176, 104, 4292.87);
insert into ComprasItens (CodCompraItem, CodCompra, CodProduto, Quantidade, Preco) values (43, 105, 332, 107, 688.87);
insert into ComprasItens (CodCompraItem, CodCompra, CodProduto, Quantidade, Preco) values (44, 251, 302, 85, 2599.34);
insert into ComprasItens (CodCompraItem, CodCompra, CodProduto, Quantidade, Preco) values (45, 200, 88, 31, 189.55);
insert into ComprasItens (CodCompraItem, CodCompra, CodProduto, Quantidade, Preco) values (46, 277, 129, 4, 88.78);
insert into ComprasItens (CodCompraItem, CodCompra, CodProduto, Quantidade, Preco) values (47, 269, 275, 133, 209.71);
insert into ComprasItens (CodCompraItem, CodCompra, CodProduto, Quantidade, Preco) values (48, 254, 348, 149, 3741.39);
insert into ComprasItens (CodCompraItem, CodCompra, CodProduto, Quantidade, Preco) values (49, 113, 10, 6, 112.90);
insert into ComprasItens (CodCompraItem, CodCompra, CodProduto, Quantidade, Preco) values (50, 34, 97, 7, 237.05);
insert into ComprasItens (CodCompraItem, CodCompra, CodProduto, Quantidade, Preco) values (51, 55, 103, 9, 327.09);
insert into ComprasItens (CodCompraItem, CodCompra, CodProduto, Quantidade, Preco) values (52, 294, 230, 96, 1526.43);
insert into ComprasItens (CodCompraItem, CodCompra, CodProduto, Quantidade, Preco) values (53, 287, 108, 178, 1753.02);
insert into ComprasItens (CodCompraItem, CodCompra, CodProduto, Quantidade, Preco) values (54, 234, 115, 85, 1358.10);
insert into ComprasItens (CodCompraItem, CodCompra, CodProduto, Quantidade, Preco) values (55, 113, 232, 11, 256.08);
insert into ComprasItens (CodCompraItem, CodCompra, CodProduto, Quantidade, Preco) values (56, 114, 292, 178, 5249.43);
insert into ComprasItens (CodCompraItem, CodCompra, CodProduto, Quantidade, Preco) values (57, 198, 101, 8, 258.86);
insert into ComprasItens (CodCompraItem, CodCompra, CodProduto, Quantidade, Preco) values (58, 159, 143, 76, 1286.38);
insert into ComprasItens (CodCompraItem, CodCompra, CodProduto, Quantidade, Preco) values (59, 23, 71, 33, 728.86);
insert into ComprasItens (CodCompraItem, CodCompra, CodProduto, Quantidade, Preco) values (60, 295, 208, 63, 234.55);
insert into ComprasItens (CodCompraItem, CodCompra, CodProduto, Quantidade, Preco) values (61, 186, 217, 98, 2914.28);
insert into ComprasItens (CodCompraItem, CodCompra, CodProduto, Quantidade, Preco) values (62, 167, 159, 125, 4921.73);
insert into ComprasItens (CodCompraItem, CodCompra, CodProduto, Quantidade, Preco) values (63, 147, 330, 94, 3443.05);
insert into ComprasItens (CodCompraItem, CodCompra, CodProduto, Quantidade, Preco) values (64, 187, 290, 54, 153.58);
insert into ComprasItens (CodCompraItem, CodCompra, CodProduto, Quantidade, Preco) values (65, 298, 51, 47, 1984.97);
insert into ComprasItens (CodCompraItem, CodCompra, CodProduto, Quantidade, Preco) values (66, 65, 189, 26, 578.96);
insert into ComprasItens (CodCompraItem, CodCompra, CodProduto, Quantidade, Preco) values (67, 269, 100, 31, 8.78);
insert into ComprasItens (CodCompraItem, CodCompra, CodProduto, Quantidade, Preco) values (68, 105, 1, 75, 1116.27);
insert into ComprasItens (CodCompraItem, CodCompra, CodProduto, Quantidade, Preco) values (69, 293, 307, 50, 1622.55);
insert into ComprasItens (CodCompraItem, CodCompra, CodProduto, Quantidade, Preco) values (70, 195, 290, 59, 167.80);
insert into ComprasItens (CodCompraItem, CodCompra, CodProduto, Quantidade, Preco) values (71, 57, 290, 20, 56.88);
insert into ComprasItens (CodCompraItem, CodCompra, CodProduto, Quantidade, Preco) values (72, 60, 184, 139, 1335.73);
insert into ComprasItens (CodCompraItem, CodCompra, CodProduto, Quantidade, Preco) values (73, 160, 207, 197, 8794.08);
insert into ComprasItens (CodCompraItem, CodCompra, CodProduto, Quantidade, Preco) values (74, 239, 47, 152, 2450.64);
insert into ComprasItens (CodCompraItem, CodCompra, CodProduto, Quantidade, Preco) values (75, 85, 151, 27, 1021.90);
insert into ComprasItens (CodCompraItem, CodCompra, CodProduto, Quantidade, Preco) values (76, 127, 178, 125, 3724.69);
insert into ComprasItens (CodCompraItem, CodCompra, CodProduto, Quantidade, Preco) values (77, 93, 256, 42, 461.16);
insert into ComprasItens (CodCompraItem, CodCompra, CodProduto, Quantidade, Preco) values (78, 192, 9, 4, 58.50);
insert into ComprasItens (CodCompraItem, CodCompra, CodProduto, Quantidade, Preco) values (79, 272, 154, 98, 2800.35);
insert into ComprasItens (CodCompraItem, CodCompra, CodProduto, Quantidade, Preco) values (80, 54, 129, 105, 2330.50);
insert into ComprasItens (CodCompraItem, CodCompra, CodProduto, Quantidade, Preco) values (81, 183, 112, 162, 5668.70);
insert into ComprasItens (CodCompraItem, CodCompra, CodProduto, Quantidade, Preco) values (82, 258, 124, 76, 1506.62);
insert into ComprasItens (CodCompraItem, CodCompra, CodProduto, Quantidade, Preco) values (83, 181, 218, 91, 1962.00);
insert into ComprasItens (CodCompraItem, CodCompra, CodProduto, Quantidade, Preco) values (84, 202, 189, 88, 1959.57);
insert into ComprasItens (CodCompraItem, CodCompra, CodProduto, Quantidade, Preco) values (85, 92, 227, 169, 3963.88);
insert into ComprasItens (CodCompraItem, CodCompra, CodProduto, Quantidade, Preco) values (86, 223, 325, 70, 771.44);
insert into ComprasItens (CodCompraItem, CodCompra, CodProduto, Quantidade, Preco) values (87, 213, 338, 150, 1557.09);
insert into ComprasItens (CodCompraItem, CodCompra, CodProduto, Quantidade, Preco) values (88, 6, 155, 39, 255.55);
insert into ComprasItens (CodCompraItem, CodCompra, CodProduto, Quantidade, Preco) values (89, 90, 161, 147, 2229.70);
insert into ComprasItens (CodCompraItem, CodCompra, CodProduto, Quantidade, Preco) values (90, 192, 111, 119, 4857.02);
insert into ComprasItens (CodCompraItem, CodCompra, CodProduto, Quantidade, Preco) values (91, 102, 178, 147, 4380.23);
insert into ComprasItens (CodCompraItem, CodCompra, CodProduto, Quantidade, Preco) values (92, 83, 303, 118, 4420.47);
insert into ComprasItens (CodCompraItem, CodCompra, CodProduto, Quantidade, Preco) values (93, 236, 305, 103, 1240.64);
insert into ComprasItens (CodCompraItem, CodCompra, CodProduto, Quantidade, Preco) values (94, 17, 347, 79, 1132.84);
insert into ComprasItens (CodCompraItem, CodCompra, CodProduto, Quantidade, Preco) values (95, 177, 8, 59, 385.08);
insert into ComprasItens (CodCompraItem, CodCompra, CodProduto, Quantidade, Preco) values (96, 237, 36, 173, 6724.06);
insert into ComprasItens (CodCompraItem, CodCompra, CodProduto, Quantidade, Preco) values (97, 264, 166, 171, 477.96);
insert into ComprasItens (CodCompraItem, CodCompra, CodProduto, Quantidade, Preco) values (98, 133, 154, 94, 2686.05);
insert into ComprasItens (CodCompraItem, CodCompra, CodProduto, Quantidade, Preco) values (99, 149, 102, 65, 55.61);
insert into ComprasItens (CodCompraItem, CodCompra, CodProduto, Quantidade, Preco) values (100, 180, 178, 83, 2473.19);
insert into ComprasItens (CodCompraItem, CodCompra, CodProduto, Quantidade, Preco) values (101, 116, 131, 48, 1569.02);
insert into ComprasItens (CodCompraItem, CodCompra, CodProduto, Quantidade, Preco) values (102, 143, 231, 12, 348.02);
insert into ComprasItens (CodCompraItem, CodCompra, CodProduto, Quantidade, Preco) values (103, 222, 65, 103, 2523.05);
insert into ComprasItens (CodCompraItem, CodCompra, CodProduto, Quantidade, Preco) values (104, 232, 342, 192, 7674.91);
insert into ComprasItens (CodCompraItem, CodCompra, CodProduto, Quantidade, Preco) values (105, 143, 173, 146, 4365.37);
insert into ComprasItens (CodCompraItem, CodCompra, CodProduto, Quantidade, Preco) values (106, 115, 101, 200, 6471.54);
insert into ComprasItens (CodCompraItem, CodCompra, CodProduto, Quantidade, Preco) values (107, 284, 37, 158, 160.40);
insert into ComprasItens (CodCompraItem, CodCompra, CodProduto, Quantidade, Preco) values (108, 167, 27, 48, 1785.89);
insert into ComprasItens (CodCompraItem, CodCompra, CodProduto, Quantidade, Preco) values (109, 251, 198, 20, 176.08);
insert into ComprasItens (CodCompraItem, CodCompra, CodProduto, Quantidade, Preco) values (110, 236, 227, 7, 164.18);
insert into ComprasItens (CodCompraItem, CodCompra, CodProduto, Quantidade, Preco) values (111, 138, 271, 107, 4108.16);
insert into ComprasItens (CodCompraItem, CodCompra, CodProduto, Quantidade, Preco) values (112, 185, 171, 141, 4527.20);
insert into ComprasItens (CodCompraItem, CodCompra, CodProduto, Quantidade, Preco) values (113, 225, 315, 169, 407.63);
insert into ComprasItens (CodCompraItem, CodCompra, CodProduto, Quantidade, Preco) values (114, 54, 68, 180, 4126.14);
insert into ComprasItens (CodCompraItem, CodCompra, CodProduto, Quantidade, Preco) values (115, 213, 264, 81, 2078.31);
insert into ComprasItens (CodCompraItem, CodCompra, CodProduto, Quantidade, Preco) values (116, 145, 91, 45, 774.89);
insert into ComprasItens (CodCompraItem, CodCompra, CodProduto, Quantidade, Preco) values (117, 36, 181, 98, 2242.34);
insert into ComprasItens (CodCompraItem, CodCompra, CodProduto, Quantidade, Preco) values (118, 174, 325, 97, 1068.99);
insert into ComprasItens (CodCompraItem, CodCompra, CodProduto, Quantidade, Preco) values (119, 293, 124, 144, 2854.66);
insert into ComprasItens (CodCompraItem, CodCompra, CodProduto, Quantidade, Preco) values (120, 58, 287, 87, 438.48);
insert into ComprasItens (CodCompraItem, CodCompra, CodProduto, Quantidade, Preco) values (121, 299, 265, 40, 593.93);
insert into ComprasItens (CodCompraItem, CodCompra, CodProduto, Quantidade, Preco) values (122, 69, 229, 26, 537.12);
insert into ComprasItens (CodCompraItem, CodCompra, CodProduto, Quantidade, Preco) values (123, 152, 114, 180, 3648.24);
insert into ComprasItens (CodCompraItem, CodCompra, CodProduto, Quantidade, Preco) values (124, 52, 2, 176, 760.32);
insert into ComprasItens (CodCompraItem, CodCompra, CodProduto, Quantidade, Preco) values (125, 69, 129, 119, 2641.23);
insert into ComprasItens (CodCompraItem, CodCompra, CodProduto, Quantidade, Preco) values (126, 127, 343, 173, 6235.79);
insert into ComprasItens (CodCompraItem, CodCompra, CodProduto, Quantidade, Preco) values (127, 50, 296, 188, 4693.16);
insert into ComprasItens (CodCompraItem, CodCompra, CodProduto, Quantidade, Preco) values (128, 191, 16, 64, 985.92);
insert into ComprasItens (CodCompraItem, CodCompra, CodProduto, Quantidade, Preco) values (129, 130, 236, 174, 442.03);
insert into ComprasItens (CodCompraItem, CodCompra, CodProduto, Quantidade, Preco) values (130, 62, 17, 126, 3520.62);
insert into ComprasItens (CodCompraItem, CodCompra, CodProduto, Quantidade, Preco) values (131, 153, 317, 106, 3297.79);
insert into ComprasItens (CodCompraItem, CodCompra, CodProduto, Quantidade, Preco) values (132, 279, 55, 160, 5557.25);
insert into ComprasItens (CodCompraItem, CodCompra, CodProduto, Quantidade, Preco) values (133, 38, 76, 146, 4908.40);
insert into ComprasItens (CodCompraItem, CodCompra, CodProduto, Quantidade, Preco) values (134, 194, 115, 80, 1278.22);
insert into ComprasItens (CodCompraItem, CodCompra, CodProduto, Quantidade, Preco) values (135, 198, 202, 199, 1352.21);
insert into ComprasItens (CodCompraItem, CodCompra, CodProduto, Quantidade, Preco) values (136, 172, 235, 12, 162.29);
insert into ComprasItens (CodCompraItem, CodCompra, CodProduto, Quantidade, Preco) values (137, 152, 67, 68, 1762.07);
insert into ComprasItens (CodCompraItem, CodCompra, CodProduto, Quantidade, Preco) values (138, 246, 89, 153, 364.91);
insert into ComprasItens (CodCompraItem, CodCompra, CodProduto, Quantidade, Preco) values (139, 54, 178, 173, 5154.97);
insert into ComprasItens (CodCompraItem, CodCompra, CodProduto, Quantidade, Preco) values (140, 80, 91, 99, 1704.75);
insert into ComprasItens (CodCompraItem, CodCompra, CodProduto, Quantidade, Preco) values (141, 146, 100, 12, 3.40);
insert into ComprasItens (CodCompraItem, CodCompra, CodProduto, Quantidade, Preco) values (142, 119, 325, 161, 1774.30);
insert into ComprasItens (CodCompraItem, CodCompra, CodProduto, Quantidade, Preco) values (143, 219, 317, 99, 3080.01);
insert into ComprasItens (CodCompraItem, CodCompra, CodProduto, Quantidade, Preco) values (144, 172, 284, 13, 33.70);
insert into ComprasItens (CodCompraItem, CodCompra, CodProduto, Quantidade, Preco) values (145, 92, 323, 76, 2201.52);
insert into ComprasItens (CodCompraItem, CodCompra, CodProduto, Quantidade, Preco) values (146, 149, 200, 23, 465.51);
insert into ComprasItens (CodCompraItem, CodCompra, CodProduto, Quantidade, Preco) values (147, 193, 308, 71, 646.16);
insert into ComprasItens (CodCompraItem, CodCompra, CodProduto, Quantidade, Preco) values (148, 23, 100, 134, 37.95);
insert into ComprasItens (CodCompraItem, CodCompra, CodProduto, Quantidade, Preco) values (149, 274, 243, 96, 4233.60);
insert into ComprasItens (CodCompraItem, CodCompra, CodProduto, Quantidade, Preco) values (150, 139, 300, 182, 1033.09);
insert into ComprasItens (CodCompraItem, CodCompra, CodProduto, Quantidade, Preco) values (151, 276, 255, 54, 676.32);
insert into ComprasItens (CodCompraItem, CodCompra, CodProduto, Quantidade, Preco) values (152, 10, 274, 2, 36.36);
insert into ComprasItens (CodCompraItem, CodCompra, CodProduto, Quantidade, Preco) values (153, 283, 342, 68, 2718.20);
insert into ComprasItens (CodCompraItem, CodCompra, CodProduto, Quantidade, Preco) values (154, 197, 192, 44, 103.82);
insert into ComprasItens (CodCompraItem, CodCompra, CodProduto, Quantidade, Preco) values (155, 191, 214, 73, 295.69);
insert into ComprasItens (CodCompraItem, CodCompra, CodProduto, Quantidade, Preco) values (156, 258, 101, 146, 4724.22);
insert into ComprasItens (CodCompraItem, CodCompra, CodProduto, Quantidade, Preco) values (157, 190, 8, 32, 208.86);
insert into ComprasItens (CodCompraItem, CodCompra, CodProduto, Quantidade, Preco) values (158, 137, 194, 75, 981.18);
insert into ComprasItens (CodCompraItem, CodCompra, CodProduto, Quantidade, Preco) values (159, 33, 129, 197, 4372.45);
insert into ComprasItens (CodCompraItem, CodCompra, CodProduto, Quantidade, Preco) values (160, 174, 333, 155, 3348.00);
insert into ComprasItens (CodCompraItem, CodCompra, CodProduto, Quantidade, Preco) values (161, 261, 171, 184, 5907.84);
insert into ComprasItens (CodCompraItem, CodCompra, CodProduto, Quantidade, Preco) values (162, 276, 289, 41, 1331.83);
insert into ComprasItens (CodCompraItem, CodCompra, CodProduto, Quantidade, Preco) values (163, 219, 70, 134, 1368.17);
insert into ComprasItens (CodCompraItem, CodCompra, CodProduto, Quantidade, Preco) values (164, 121, 19, 115, 3090.72);
insert into ComprasItens (CodCompraItem, CodCompra, CodProduto, Quantidade, Preco) values (165, 262, 226, 68, 726.73);
insert into ComprasItens (CodCompraItem, CodCompra, CodProduto, Quantidade, Preco) values (166, 252, 264, 94, 2411.86);
insert into ComprasItens (CodCompraItem, CodCompra, CodProduto, Quantidade, Preco) values (167, 136, 251, 118, 2893.10);
insert into ComprasItens (CodCompraItem, CodCompra, CodProduto, Quantidade, Preco) values (168, 171, 280, 60, 2402.71);
insert into ComprasItens (CodCompraItem, CodCompra, CodProduto, Quantidade, Preco) values (169, 105, 16, 16, 246.48);
insert into ComprasItens (CodCompraItem, CodCompra, CodProduto, Quantidade, Preco) values (170, 124, 90, 197, 3989.84);
insert into ComprasItens (CodCompraItem, CodCompra, CodProduto, Quantidade, Preco) values (171, 278, 320, 28, 460.43);
insert into ComprasItens (CodCompraItem, CodCompra, CodProduto, Quantidade, Preco) values (172, 267, 282, 24, 713.17);
insert into ComprasItens (CodCompraItem, CodCompra, CodProduto, Quantidade, Preco) values (173, 65, 30, 4, 132.65);
insert into ComprasItens (CodCompraItem, CodCompra, CodProduto, Quantidade, Preco) values (174, 63, 311, 45, 301.73);
insert into ComprasItens (CodCompraItem, CodCompra, CodProduto, Quantidade, Preco) values (175, 123, 74, 72, 2.96);
insert into ComprasItens (CodCompraItem, CodCompra, CodProduto, Quantidade, Preco) values (176, 25, 221, 170, 5632.85);
insert into ComprasItens (CodCompraItem, CodCompra, CodProduto, Quantidade, Preco) values (177, 79, 29, 98, 2866.50);
insert into ComprasItens (CodCompraItem, CodCompra, CodProduto, Quantidade, Preco) values (178, 21, 349, 49, 719.86);
insert into ComprasItens (CodCompraItem, CodCompra, CodProduto, Quantidade, Preco) values (179, 154, 40, 135, 5637.60);
insert into ComprasItens (CodCompraItem, CodCompra, CodProduto, Quantidade, Preco) values (180, 201, 316, 103, 265.96);
insert into ComprasItens (CodCompraItem, CodCompra, CodProduto, Quantidade, Preco) values (181, 6, 236, 73, 185.45);
insert into ComprasItens (CodCompraItem, CodCompra, CodProduto, Quantidade, Preco) values (182, 166, 270, 135, 5415.05);
insert into ComprasItens (CodCompraItem, CodCompra, CodProduto, Quantidade, Preco) values (183, 138, 10, 185, 3480.96);
insert into ComprasItens (CodCompraItem, CodCompra, CodProduto, Quantidade, Preco) values (184, 200, 4, 55, 121.44);
insert into ComprasItens (CodCompraItem, CodCompra, CodProduto, Quantidade, Preco) values (185, 125, 242, 5, 17.93);
insert into ComprasItens (CodCompraItem, CodCompra, CodProduto, Quantidade, Preco) values (186, 98, 46, 5, 180.98);
insert into ComprasItens (CodCompraItem, CodCompra, CodProduto, Quantidade, Preco) values (187, 265, 250, 189, 1093.46);
insert into ComprasItens (CodCompraItem, CodCompra, CodProduto, Quantidade, Preco) values (188, 203, 139, 164, 3612.85);
insert into ComprasItens (CodCompraItem, CodCompra, CodProduto, Quantidade, Preco) values (189, 195, 295, 102, 3404.31);
insert into ComprasItens (CodCompraItem, CodCompra, CodProduto, Quantidade, Preco) values (190, 46, 280, 89, 3564.02);
insert into ComprasItens (CodCompraItem, CodCompra, CodProduto, Quantidade, Preco) values (191, 248, 88, 13, 79.49);
insert into ComprasItens (CodCompraItem, CodCompra, CodProduto, Quantidade, Preco) values (192, 174, 180, 128, 2159.77);
insert into ComprasItens (CodCompraItem, CodCompra, CodProduto, Quantidade, Preco) values (193, 79, 143, 72, 1218.67);
insert into ComprasItens (CodCompraItem, CodCompra, CodProduto, Quantidade, Preco) values (194, 272, 83, 164, 1933.31);
insert into ComprasItens (CodCompraItem, CodCompra, CodProduto, Quantidade, Preco) values (195, 213, 213, 167, 6241.21);
insert into ComprasItens (CodCompraItem, CodCompra, CodProduto, Quantidade, Preco) values (196, 262, 199, 61, 535.46);
insert into ComprasItens (CodCompraItem, CodCompra, CodProduto, Quantidade, Preco) values (197, 40, 34, 50, 1566.72);
insert into ComprasItens (CodCompraItem, CodCompra, CodProduto, Quantidade, Preco) values (198, 180, 223, 87, 1948.26);
insert into ComprasItens (CodCompraItem, CodCompra, CodProduto, Quantidade, Preco) values (199, 257, 331, 28, 827.67);
insert into ComprasItens (CodCompraItem, CodCompra, CodProduto, Quantidade, Preco) values (200, 53, 300, 33, 187.32);
insert into ComprasItens (CodCompraItem, CodCompra, CodProduto, Quantidade, Preco) values (201, 214, 7, 113, 834.75);
insert into ComprasItens (CodCompraItem, CodCompra, CodProduto, Quantidade, Preco) values (202, 201, 16, 124, 1910.22);
insert into ComprasItens (CodCompraItem, CodCompra, CodProduto, Quantidade, Preco) values (203, 46, 130, 63, 1669.53);
insert into ComprasItens (CodCompraItem, CodCompra, CodProduto, Quantidade, Preco) values (204, 223, 79, 32, 838.08);
insert into ComprasItens (CodCompraItem, CodCompra, CodProduto, Quantidade, Preco) values (205, 188, 304, 123, 1556.55);
insert into ComprasItens (CodCompraItem, CodCompra, CodProduto, Quantidade, Preco) values (206, 157, 298, 30, 1311.44);
insert into ComprasItens (CodCompraItem, CodCompra, CodProduto, Quantidade, Preco) values (207, 278, 190, 83, 2284.33);
insert into ComprasItens (CodCompraItem, CodCompra, CodProduto, Quantidade, Preco) values (208, 201, 295, 41, 1368.40);
insert into ComprasItens (CodCompraItem, CodCompra, CodProduto, Quantidade, Preco) values (209, 211, 319, 52, 107.41);
insert into ComprasItens (CodCompraItem, CodCompra, CodProduto, Quantidade, Preco) values (210, 245, 183, 139, 1851.40);
insert into ComprasItens (CodCompraItem, CodCompra, CodProduto, Quantidade, Preco) values (211, 81, 231, 124, 3596.20);
insert into ComprasItens (CodCompraItem, CodCompra, CodProduto, Quantidade, Preco) values (212, 140, 50, 169, 4569.49);
insert into ComprasItens (CodCompraItem, CodCompra, CodProduto, Quantidade, Preco) values (213, 256, 122, 24, 495.40);
insert into ComprasItens (CodCompraItem, CodCompra, CodProduto, Quantidade, Preco) values (214, 254, 167, 152, 4033.09);
insert into ComprasItens (CodCompraItem, CodCompra, CodProduto, Quantidade, Preco) values (215, 1, 31, 41, 382.58);
insert into ComprasItens (CodCompraItem, CodCompra, CodProduto, Quantidade, Preco) values (216, 292, 136, 143, 1864.86);
insert into ComprasItens (CodCompraItem, CodCompra, CodProduto, Quantidade, Preco) values (217, 166, 246, 31, 885.83);
insert into ComprasItens (CodCompraItem, CodCompra, CodProduto, Quantidade, Preco) values (218, 115, 199, 190, 1667.82);
insert into ComprasItens (CodCompraItem, CodCompra, CodProduto, Quantidade, Preco) values (219, 201, 74, 138, 5.67);
insert into ComprasItens (CodCompraItem, CodCompra, CodProduto, Quantidade, Preco) values (220, 14, 218, 144, 3104.70);
insert into ComprasItens (CodCompraItem, CodCompra, CodProduto, Quantidade, Preco) values (221, 67, 153, 166, 809.45);
insert into ComprasItens (CodCompraItem, CodCompra, CodProduto, Quantidade, Preco) values (222, 12, 310, 47, 1309.35);
insert into ComprasItens (CodCompraItem, CodCompra, CodProduto, Quantidade, Preco) values (223, 45, 20, 96, 3767.47);
insert into ComprasItens (CodCompraItem, CodCompra, CodProduto, Quantidade, Preco) values (224, 284, 290, 187, 531.83);
insert into ComprasItens (CodCompraItem, CodCompra, CodProduto, Quantidade, Preco) values (225, 81, 160, 132, 2141.57);
insert into ComprasItens (CodCompraItem, CodCompra, CodProduto, Quantidade, Preco) values (226, 96, 72, 98, 1437.07);
insert into ComprasItens (CodCompraItem, CodCompra, CodProduto, Quantidade, Preco) values (227, 113, 304, 117, 1480.62);
insert into ComprasItens (CodCompraItem, CodCompra, CodProduto, Quantidade, Preco) values (228, 200, 14, 200, 8289.90);
insert into ComprasItens (CodCompraItem, CodCompra, CodProduto, Quantidade, Preco) values (229, 155, 128, 43, 650.43);
insert into ComprasItens (CodCompraItem, CodCompra, CodProduto, Quantidade, Preco) values (230, 212, 262, 91, 120.39);
insert into ComprasItens (CodCompraItem, CodCompra, CodProduto, Quantidade, Preco) values (231, 117, 31, 141, 1315.70);
insert into ComprasItens (CodCompraItem, CodCompra, CodProduto, Quantidade, Preco) values (232, 30, 42, 158, 2237.85);
insert into ComprasItens (CodCompraItem, CodCompra, CodProduto, Quantidade, Preco) values (233, 220, 238, 111, 1023.64);
insert into ComprasItens (CodCompraItem, CodCompra, CodProduto, Quantidade, Preco) values (234, 44, 74, 83, 3.41);
insert into ComprasItens (CodCompraItem, CodCompra, CodProduto, Quantidade, Preco) values (235, 224, 16, 102, 1571.31);
insert into ComprasItens (CodCompraItem, CodCompra, CodProduto, Quantidade, Preco) values (236, 209, 126, 140, 1234.80);
insert into ComprasItens (CodCompraItem, CodCompra, CodProduto, Quantidade, Preco) values (237, 54, 319, 47, 97.08);
insert into ComprasItens (CodCompraItem, CodCompra, CodProduto, Quantidade, Preco) values (238, 118, 110, 28, 280.04);
insert into ComprasItens (CodCompraItem, CodCompra, CodProduto, Quantidade, Preco) values (239, 192, 350, 70, 1517.84);
insert into ComprasItens (CodCompraItem, CodCompra, CodProduto, Quantidade, Preco) values (240, 221, 93, 63, 2155.24);
insert into ComprasItens (CodCompraItem, CodCompra, CodProduto, Quantidade, Preco) values (241, 265, 199, 163, 1430.81);
insert into ComprasItens (CodCompraItem, CodCompra, CodProduto, Quantidade, Preco) values (242, 132, 65, 91, 2229.10);
insert into ComprasItens (CodCompraItem, CodCompra, CodProduto, Quantidade, Preco) values (243, 122, 333, 127, 2743.20);
insert into ComprasItens (CodCompraItem, CodCompra, CodProduto, Quantidade, Preco) values (244, 74, 218, 59, 1272.06);
insert into ComprasItens (CodCompraItem, CodCompra, CodProduto, Quantidade, Preco) values (245, 206, 109, 141, 5087.38);
insert into ComprasItens (CodCompraItem, CodCompra, CodProduto, Quantidade, Preco) values (246, 138, 112, 8, 279.94);
insert into ComprasItens (CodCompraItem, CodCompra, CodProduto, Quantidade, Preco) values (247, 59, 46, 49, 1773.56);
insert into ComprasItens (CodCompraItem, CodCompra, CodProduto, Quantidade, Preco) values (248, 108, 188, 91, 1371.66);
insert into ComprasItens (CodCompraItem, CodCompra, CodProduto, Quantidade, Preco) values (249, 231, 232, 137, 3189.36);
insert into ComprasItens (CodCompraItem, CodCompra, CodProduto, Quantidade, Preco) values (250, 289, 37, 72, 73.09);
insert into ComprasItens (CodCompraItem, CodCompra, CodProduto, Quantidade, Preco) values (251, 70, 118, 194, 6102.85);
insert into ComprasItens (CodCompraItem, CodCompra, CodProduto, Quantidade, Preco) values (252, 128, 37, 76, 77.16);
insert into ComprasItens (CodCompraItem, CodCompra, CodProduto, Quantidade, Preco) values (253, 151, 99, 192, 5011.14);
insert into ComprasItens (CodCompraItem, CodCompra, CodProduto, Quantidade, Preco) values (254, 30, 183, 50, 665.97);
insert into ComprasItens (CodCompraItem, CodCompra, CodProduto, Quantidade, Preco) values (255, 121, 253, 15, 355.37);
insert into ComprasItens (CodCompraItem, CodCompra, CodProduto, Quantidade, Preco) values (256, 175, 98, 6, 77.11);
insert into ComprasItens (CodCompraItem, CodCompra, CodProduto, Quantidade, Preco) values (257, 247, 19, 182, 4891.40);
insert into ComprasItens (CodCompraItem, CodCompra, CodProduto, Quantidade, Preco) values (258, 184, 102, 124, 106.09);
insert into ComprasItens (CodCompraItem, CodCompra, CodProduto, Quantidade, Preco) values (259, 61, 291, 26, 863.21);
insert into ComprasItens (CodCompraItem, CodCompra, CodProduto, Quantidade, Preco) values (260, 153, 9, 91, 1330.88);
insert into ComprasItens (CodCompraItem, CodCompra, CodProduto, Quantidade, Preco) values (261, 20, 97, 99, 3352.63);
insert into ComprasItens (CodCompraItem, CodCompra, CodProduto, Quantidade, Preco) values (262, 16, 227, 114, 2673.86);
insert into ComprasItens (CodCompraItem, CodCompra, CodProduto, Quantidade, Preco) values (263, 218, 257, 33, 700.09);
insert into ComprasItens (CodCompraItem, CodCompra, CodProduto, Quantidade, Preco) values (264, 189, 250, 60, 347.13);
insert into ComprasItens (CodCompraItem, CodCompra, CodProduto, Quantidade, Preco) values (265, 149, 268, 181, 1830.02);
insert into ComprasItens (CodCompraItem, CodCompra, CodProduto, Quantidade, Preco) values (266, 214, 112, 62, 2169.50);
insert into ComprasItens (CodCompraItem, CodCompra, CodProduto, Quantidade, Preco) values (267, 227, 12, 94, 398.86);
insert into ComprasItens (CodCompraItem, CodCompra, CodProduto, Quantidade, Preco) values (268, 60, 227, 153, 3588.60);
insert into ComprasItens (CodCompraItem, CodCompra, CodProduto, Quantidade, Preco) values (269, 150, 87, 30, 1155.46);
insert into ComprasItens (CodCompraItem, CodCompra, CodProduto, Quantidade, Preco) values (270, 294, 110, 167, 1670.23);
insert into ComprasItens (CodCompraItem, CodCompra, CodProduto, Quantidade, Preco) values (271, 242, 320, 177, 2910.57);
insert into ComprasItens (CodCompraItem, CodCompra, CodProduto, Quantidade, Preco) values (272, 297, 288, 101, 147.38);
insert into ComprasItens (CodCompraItem, CodCompra, CodProduto, Quantidade, Preco) values (273, 263, 41, 199, 5874.48);
insert into ComprasItens (CodCompraItem, CodCompra, CodProduto, Quantidade, Preco) values (274, 154, 20, 66, 2590.14);
insert into ComprasItens (CodCompraItem, CodCompra, CodProduto, Quantidade, Preco) values (275, 252, 326, 14, 211.15);
insert into ComprasItens (CodCompraItem, CodCompra, CodProduto, Quantidade, Preco) values (276, 159, 283, 84, 1384.08);
insert into ComprasItens (CodCompraItem, CodCompra, CodProduto, Quantidade, Preco) values (277, 241, 28, 78, 90.35);
insert into ComprasItens (CodCompraItem, CodCompra, CodProduto, Quantidade, Preco) values (278, 176, 349, 139, 2042.05);
insert into ComprasItens (CodCompraItem, CodCompra, CodProduto, Quantidade, Preco) values (279, 281, 83, 95, 1119.91);
insert into ComprasItens (CodCompraItem, CodCompra, CodProduto, Quantidade, Preco) values (280, 145, 237, 106, 827.75);
insert into ComprasItens (CodCompraItem, CodCompra, CodProduto, Quantidade, Preco) values (281, 239, 285, 167, 1963.52);
insert into ComprasItens (CodCompraItem, CodCompra, CodProduto, Quantidade, Preco) values (282, 112, 261, 39, 534.29);
insert into ComprasItens (CodCompraItem, CodCompra, CodProduto, Quantidade, Preco) values (283, 20, 235, 165, 2231.46);
insert into ComprasItens (CodCompraItem, CodCompra, CodProduto, Quantidade, Preco) values (284, 250, 260, 97, 606.01);
insert into ComprasItens (CodCompraItem, CodCompra, CodProduto, Quantidade, Preco) values (285, 101, 163, 182, 3393.66);
insert into ComprasItens (CodCompraItem, CodCompra, CodProduto, Quantidade, Preco) values (286, 116, 213, 22, 822.20);
insert into ComprasItens (CodCompraItem, CodCompra, CodProduto, Quantidade, Preco) values (287, 92, 42, 129, 1827.10);
insert into ComprasItens (CodCompraItem, CodCompra, CodProduto, Quantidade, Preco) values (288, 148, 163, 64, 1193.38);
insert into ComprasItens (CodCompraItem, CodCompra, CodProduto, Quantidade, Preco) values (289, 272, 83, 168, 1980.47);
insert into ComprasItens (CodCompraItem, CodCompra, CodProduto, Quantidade, Preco) values (290, 28, 137, 80, 567.00);
insert into ComprasItens (CodCompraItem, CodCompra, CodProduto, Quantidade, Preco) values (291, 56, 65, 179, 4384.71);
insert into ComprasItens (CodCompraItem, CodCompra, CodProduto, Quantidade, Preco) values (292, 24, 232, 142, 3305.76);
insert into ComprasItens (CodCompraItem, CodCompra, CodProduto, Quantidade, Preco) values (293, 218, 50, 105, 2839.03);
insert into ComprasItens (CodCompraItem, CodCompra, CodProduto, Quantidade, Preco) values (294, 200, 143, 41, 693.97);
insert into ComprasItens (CodCompraItem, CodCompra, CodProduto, Quantidade, Preco) values (295, 132, 218, 104, 2242.28);
insert into ComprasItens (CodCompraItem, CodCompra, CodProduto, Quantidade, Preco) values (296, 65, 58, 191, 4512.38);
insert into ComprasItens (CodCompraItem, CodCompra, CodProduto, Quantidade, Preco) values (297, 270, 39, 107, 3095.47);
insert into ComprasItens (CodCompraItem, CodCompra, CodProduto, Quantidade, Preco) values (298, 234, 137, 66, 467.78);
insert into ComprasItens (CodCompraItem, CodCompra, CodProduto, Quantidade, Preco) values (299, 42, 249, 152, 661.84);
insert into ComprasItens (CodCompraItem, CodCompra, CodProduto, Quantidade, Preco) values (300, 289, 204, 154, 517.12);
insert into ComprasItens (CodCompraItem, CodCompra, CodProduto, Quantidade, Preco) values (301, 270, 307, 48, 1557.65);
insert into ComprasItens (CodCompraItem, CodCompra, CodProduto, Quantidade, Preco) values (302, 299, 294, 3, 127.08);
insert into ComprasItens (CodCompraItem, CodCompra, CodProduto, Quantidade, Preco) values (303, 288, 309, 145, 2300.45);
insert into ComprasItens (CodCompraItem, CodCompra, CodProduto, Quantidade, Preco) values (304, 191, 15, 19, 26.74);
insert into ComprasItens (CodCompraItem, CodCompra, CodProduto, Quantidade, Preco) values (305, 93, 102, 138, 118.07);
insert into ComprasItens (CodCompraItem, CodCompra, CodProduto, Quantidade, Preco) values (306, 207, 261, 166, 2274.17);
insert into ComprasItens (CodCompraItem, CodCompra, CodProduto, Quantidade, Preco) values (307, 23, 283, 157, 2586.92);
insert into ComprasItens (CodCompraItem, CodCompra, CodProduto, Quantidade, Preco) values (308, 300, 63, 160, 5172.29);
insert into ComprasItens (CodCompraItem, CodCompra, CodProduto, Quantidade, Preco) values (309, 132, 264, 182, 4669.77);
insert into ComprasItens (CodCompraItem, CodCompra, CodProduto, Quantidade, Preco) values (310, 196, 98, 102, 1310.81);
insert into ComprasItens (CodCompraItem, CodCompra, CodProduto, Quantidade, Preco) values (311, 150, 212, 156, 1414.67);
insert into ComprasItens (CodCompraItem, CodCompra, CodProduto, Quantidade, Preco) values (312, 114, 182, 150, 1304.73);
insert into ComprasItens (CodCompraItem, CodCompra, CodProduto, Quantidade, Preco) values (313, 80, 49, 106, 1960.28);
insert into ComprasItens (CodCompraItem, CodCompra, CodProduto, Quantidade, Preco) values (314, 207, 169, 187, 3409.25);
insert into ComprasItens (CodCompraItem, CodCompra, CodProduto, Quantidade, Preco) values (315, 195, 128, 166, 2510.97);
insert into ComprasItens (CodCompraItem, CodCompra, CodProduto, Quantidade, Preco) values (316, 245, 313, 152, 5705.11);
insert into ComprasItens (CodCompraItem, CodCompra, CodProduto, Quantidade, Preco) values (317, 258, 262, 89, 117.75);
insert into ComprasItens (CodCompraItem, CodCompra, CodProduto, Quantidade, Preco) values (318, 236, 134, 117, 5085.50);
insert into ComprasItens (CodCompraItem, CodCompra, CodProduto, Quantidade, Preco) values (319, 131, 25, 190, 438.10);
insert into ComprasItens (CodCompraItem, CodCompra, CodProduto, Quantidade, Preco) values (320, 13, 199, 180, 1580.04);
insert into ComprasItens (CodCompraItem, CodCompra, CodProduto, Quantidade, Preco) values (321, 204, 7, 138, 1019.43);
insert into ComprasItens (CodCompraItem, CodCompra, CodProduto, Quantidade, Preco) values (322, 21, 158, 165, 2769.53);
insert into ComprasItens (CodCompraItem, CodCompra, CodProduto, Quantidade, Preco) values (323, 238, 192, 17, 40.11);
insert into ComprasItens (CodCompraItem, CodCompra, CodProduto, Quantidade, Preco) values (324, 141, 321, 80, 1297.10);
insert into ComprasItens (CodCompraItem, CodCompra, CodProduto, Quantidade, Preco) values (325, 94, 53, 154, 4953.84);
insert into ComprasItens (CodCompraItem, CodCompra, CodProduto, Quantidade, Preco) values (326, 42, 95, 198, 607.66);
insert into ComprasItens (CodCompraItem, CodCompra, CodProduto, Quantidade, Preco) values (327, 69, 121, 16, 103.20);
insert into ComprasItens (CodCompraItem, CodCompra, CodProduto, Quantidade, Preco) values (328, 75, 267, 64, 1477.15);
insert into ComprasItens (CodCompraItem, CodCompra, CodProduto, Quantidade, Preco) values (329, 60, 219, 10, 169.72);
insert into ComprasItens (CodCompraItem, CodCompra, CodProduto, Quantidade, Preco) values (330, 97, 96, 73, 2211.46);
insert into ComprasItens (CodCompraItem, CodCompra, CodProduto, Quantidade, Preco) values (331, 299, 123, 18, 30.77);
insert into ComprasItens (CodCompraItem, CodCompra, CodProduto, Quantidade, Preco) values (332, 74, 271, 50, 1919.70);
insert into ComprasItens (CodCompraItem, CodCompra, CodProduto, Quantidade, Preco) values (333, 53, 305, 21, 252.95);
insert into ComprasItens (CodCompraItem, CodCompra, CodProduto, Quantidade, Preco) values (334, 5, 212, 81, 734.54);
insert into ComprasItens (CodCompraItem, CodCompra, CodProduto, Quantidade, Preco) values (335, 159, 82, 138, 2771.73);
insert into ComprasItens (CodCompraItem, CodCompra, CodProduto, Quantidade, Preco) values (336, 257, 21, 139, 4315.95);
insert into ComprasItens (CodCompraItem, CodCompra, CodProduto, Quantidade, Preco) values (337, 23, 96, 125, 3786.75);
insert into ComprasItens (CodCompraItem, CodCompra, CodProduto, Quantidade, Preco) values (338, 207, 327, 95, 3415.44);
insert into ComprasItens (CodCompraItem, CodCompra, CodProduto, Quantidade, Preco) values (339, 139, 262, 53, 70.12);
insert into ComprasItens (CodCompraItem, CodCompra, CodProduto, Quantidade, Preco) values (340, 149, 31, 33, 307.93);
insert into ComprasItens (CodCompraItem, CodCompra, CodProduto, Quantidade, Preco) values (341, 143, 294, 26, 1101.40);
insert into ComprasItens (CodCompraItem, CodCompra, CodProduto, Quantidade, Preco) values (342, 176, 173, 93, 2780.68);
insert into ComprasItens (CodCompraItem, CodCompra, CodProduto, Quantidade, Preco) values (343, 20, 273, 24, 535.16);
insert into ComprasItens (CodCompraItem, CodCompra, CodProduto, Quantidade, Preco) values (344, 228, 300, 136, 771.98);
insert into ComprasItens (CodCompraItem, CodCompra, CodProduto, Quantidade, Preco) values (345, 170, 8, 126, 822.38);
insert into ComprasItens (CodCompraItem, CodCompra, CodProduto, Quantidade, Preco) values (346, 150, 90, 45, 911.39);
insert into ComprasItens (CodCompraItem, CodCompra, CodProduto, Quantidade, Preco) values (347, 186, 24, 76, 402.49);
insert into ComprasItens (CodCompraItem, CodCompra, CodProduto, Quantidade, Preco) values (348, 123, 158, 103, 1728.86);
insert into ComprasItens (CodCompraItem, CodCompra, CodProduto, Quantidade, Preco) values (349, 134, 332, 200, 1287.60);
insert into ComprasItens (CodCompraItem, CodCompra, CodProduto, Quantidade, Preco) values (350, 126, 127, 3, 5.44);
insert into ComprasItens (CodCompraItem, CodCompra, CodProduto, Quantidade, Preco) values (351, 91, 87, 29, 1116.94);
insert into ComprasItens (CodCompraItem, CodCompra, CodProduto, Quantidade, Preco) values (352, 172, 157, 42, 435.63);
insert into ComprasItens (CodCompraItem, CodCompra, CodProduto, Quantidade, Preco) values (353, 271, 120, 140, 5656.27);
insert into ComprasItens (CodCompraItem, CodCompra, CodProduto, Quantidade, Preco) values (354, 280, 255, 149, 1866.14);
insert into ComprasItens (CodCompraItem, CodCompra, CodProduto, Quantidade, Preco) values (355, 276, 16, 111, 1709.96);
insert into ComprasItens (CodCompraItem, CodCompra, CodProduto, Quantidade, Preco) values (356, 207, 162, 44, 1701.28);
insert into ComprasItens (CodCompraItem, CodCompra, CodProduto, Quantidade, Preco) values (357, 276, 107, 107, 2971.18);
insert into ComprasItens (CodCompraItem, CodCompra, CodProduto, Quantidade, Preco) values (358, 180, 290, 106, 301.46);
insert into ComprasItens (CodCompraItem, CodCompra, CodProduto, Quantidade, Preco) values (359, 34, 170, 53, 929.58);
insert into ComprasItens (CodCompraItem, CodCompra, CodProduto, Quantidade, Preco) values (360, 284, 214, 90, 364.55);
insert into ComprasItens (CodCompraItem, CodCompra, CodProduto, Quantidade, Preco) values (361, 158, 27, 69, 2567.21);
insert into ComprasItens (CodCompraItem, CodCompra, CodProduto, Quantidade, Preco) values (362, 270, 105, 199, 1980.61);
insert into ComprasItens (CodCompraItem, CodCompra, CodProduto, Quantidade, Preco) values (363, 181, 203, 6, 1.48);
insert into ComprasItens (CodCompraItem, CodCompra, CodProduto, Quantidade, Preco) values (364, 145, 305, 133, 1601.99);
insert into ComprasItens (CodCompraItem, CodCompra, CodProduto, Quantidade, Preco) values (365, 91, 84, 163, 1410.37);
insert into ComprasItens (CodCompraItem, CodCompra, CodProduto, Quantidade, Preco) values (366, 229, 130, 112, 2968.06);
insert into ComprasItens (CodCompraItem, CodCompra, CodProduto, Quantidade, Preco) values (367, 220, 331, 190, 5616.32);
insert into ComprasItens (CodCompraItem, CodCompra, CodProduto, Quantidade, Preco) values (368, 211, 31, 71, 662.52);
insert into ComprasItens (CodCompraItem, CodCompra, CodProduto, Quantidade, Preco) values (369, 50, 245, 39, 1451.03);
insert into ComprasItens (CodCompraItem, CodCompra, CodProduto, Quantidade, Preco) values (370, 258, 36, 94, 3653.54);
insert into ComprasItens (CodCompraItem, CodCompra, CodProduto, Quantidade, Preco) values (371, 49, 277, 16, 235.27);
insert into ComprasItens (CodCompraItem, CodCompra, CodProduto, Quantidade, Preco) values (372, 255, 20, 129, 5062.54);
insert into ComprasItens (CodCompraItem, CodCompra, CodProduto, Quantidade, Preco) values (373, 131, 337, 176, 47.52);
insert into ComprasItens (CodCompraItem, CodCompra, CodProduto, Quantidade, Preco) values (374, 122, 91, 151, 2600.17);
insert into ComprasItens (CodCompraItem, CodCompra, CodProduto, Quantidade, Preco) values (375, 23, 274, 50, 909.06);
insert into ComprasItens (CodCompraItem, CodCompra, CodProduto, Quantidade, Preco) values (376, 227, 20, 182, 7142.50);
insert into ComprasItens (CodCompraItem, CodCompra, CodProduto, Quantidade, Preco) values (377, 104, 66, 19, 215.39);
insert into ComprasItens (CodCompraItem, CodCompra, CodProduto, Quantidade, Preco) values (378, 126, 266, 68, 2433.52);
insert into ComprasItens (CodCompraItem, CodCompra, CodProduto, Quantidade, Preco) values (379, 102, 15, 43, 60.53);
insert into ComprasItens (CodCompraItem, CodCompra, CodProduto, Quantidade, Preco) values (380, 64, 69, 92, 2322.95);
insert into ComprasItens (CodCompraItem, CodCompra, CodProduto, Quantidade, Preco) values (381, 182, 122, 60, 1238.49);
insert into ComprasItens (CodCompraItem, CodCompra, CodProduto, Quantidade, Preco) values (382, 221, 46, 62, 2244.09);
insert into ComprasItens (CodCompraItem, CodCompra, CodProduto, Quantidade, Preco) values (383, 73, 260, 101, 631.00);
insert into ComprasItens (CodCompraItem, CodCompra, CodProduto, Quantidade, Preco) values (384, 249, 160, 33, 535.39);
insert into ComprasItens (CodCompraItem, CodCompra, CodProduto, Quantidade, Preco) values (385, 90, 321, 112, 1815.95);
insert into ComprasItens (CodCompraItem, CodCompra, CodProduto, Quantidade, Preco) values (386, 195, 335, 189, 4420.56);
insert into ComprasItens (CodCompraItem, CodCompra, CodProduto, Quantidade, Preco) values (387, 125, 249, 94, 409.29);
insert into ComprasItens (CodCompraItem, CodCompra, CodProduto, Quantidade, Preco) values (388, 279, 156, 165, 4652.60);
insert into ComprasItens (CodCompraItem, CodCompra, CodProduto, Quantidade, Preco) values (389, 195, 239, 82, 3225.82);
insert into ComprasItens (CodCompraItem, CodCompra, CodProduto, Quantidade, Preco) values (390, 81, 57, 176, 239.50);
insert into ComprasItens (CodCompraItem, CodCompra, CodProduto, Quantidade, Preco) values (391, 144, 98, 95, 1220.85);
insert into ComprasItens (CodCompraItem, CodCompra, CodProduto, Quantidade, Preco) values (392, 95, 284, 79, 204.82);
insert into ComprasItens (CodCompraItem, CodCompra, CodProduto, Quantidade, Preco) values (393, 277, 88, 105, 642.03);
insert into ComprasItens (CodCompraItem, CodCompra, CodProduto, Quantidade, Preco) values (394, 133, 289, 1, 32.48);
insert into ComprasItens (CodCompraItem, CodCompra, CodProduto, Quantidade, Preco) values (395, 276, 318, 162, 4357.23);
insert into ComprasItens (CodCompraItem, CodCompra, CodProduto, Quantidade, Preco) values (396, 24, 284, 56, 145.19);
insert into ComprasItens (CodCompraItem, CodCompra, CodProduto, Quantidade, Preco) values (397, 212, 114, 38, 770.18);
insert into ComprasItens (CodCompraItem, CodCompra, CodProduto, Quantidade, Preco) values (398, 204, 213, 168, 6278.58);
insert into ComprasItens (CodCompraItem, CodCompra, CodProduto, Quantidade, Preco) values (399, 284, 141, 114, 1802.34);
insert into ComprasItens (CodCompraItem, CodCompra, CodProduto, Quantidade, Preco) values (400, 278, 325, 171, 1884.51);
insert into ComprasItens (CodCompraItem, CodCompra, CodProduto, Quantidade, Preco) values (401, 113, 328, 154, 1256.73);
insert into ComprasItens (CodCompraItem, CodCompra, CodProduto, Quantidade, Preco) values (402, 9, 68, 45, 1031.54);
insert into ComprasItens (CodCompraItem, CodCompra, CodProduto, Quantidade, Preco) values (403, 178, 97, 60, 2031.89);
insert into ComprasItens (CodCompraItem, CodCompra, CodProduto, Quantidade, Preco) values (404, 12, 9, 155, 2266.88);
insert into ComprasItens (CodCompraItem, CodCompra, CodProduto, Quantidade, Preco) values (405, 207, 200, 1, 20.24);
insert into ComprasItens (CodCompraItem, CodCompra, CodProduto, Quantidade, Preco) values (406, 152, 242, 17, 60.96);
insert into ComprasItens (CodCompraItem, CodCompra, CodProduto, Quantidade, Preco) values (407, 68, 158, 172, 2887.02);
insert into ComprasItens (CodCompraItem, CodCompra, CodProduto, Quantidade, Preco) values (408, 137, 245, 12, 446.47);
insert into ComprasItens (CodCompraItem, CodCompra, CodProduto, Quantidade, Preco) values (409, 143, 86, 2, 71.29);
insert into ComprasItens (CodCompraItem, CodCompra, CodProduto, Quantidade, Preco) values (410, 92, 291, 63, 2091.63);
insert into ComprasItens (CodCompraItem, CodCompra, CodProduto, Quantidade, Preco) values (411, 40, 209, 37, 795.76);
insert into ComprasItens (CodCompraItem, CodCompra, CodProduto, Quantidade, Preco) values (412, 253, 278, 67, 1483.68);
insert into ComprasItens (CodCompraItem, CodCompra, CodProduto, Quantidade, Preco) values (413, 64, 275, 110, 173.45);
insert into ComprasItens (CodCompraItem, CodCompra, CodProduto, Quantidade, Preco) values (414, 143, 268, 118, 1193.05);
insert into ComprasItens (CodCompraItem, CodCompra, CodProduto, Quantidade, Preco) values (415, 50, 348, 126, 3163.86);
insert into ComprasItens (CodCompraItem, CodCompra, CodProduto, Quantidade, Preco) values (416, 191, 77, 91, 2577.53);
insert into ComprasItens (CodCompraItem, CodCompra, CodProduto, Quantidade, Preco) values (417, 111, 205, 165, 1423.42);
insert into ComprasItens (CodCompraItem, CodCompra, CodProduto, Quantidade, Preco) values (418, 3, 99, 87, 2270.67);
insert into ComprasItens (CodCompraItem, CodCompra, CodProduto, Quantidade, Preco) values (419, 132, 41, 78, 2302.56);
insert into ComprasItens (CodCompraItem, CodCompra, CodProduto, Quantidade, Preco) values (420, 161, 289, 107, 3475.76);
insert into ComprasItens (CodCompraItem, CodCompra, CodProduto, Quantidade, Preco) values (421, 174, 232, 60, 1396.80);
insert into ComprasItens (CodCompraItem, CodCompra, CodProduto, Quantidade, Preco) values (422, 129, 272, 146, 2439.31);
insert into ComprasItens (CodCompraItem, CodCompra, CodProduto, Quantidade, Preco) values (423, 96, 10, 22, 413.95);
insert into ComprasItens (CodCompraItem, CodCompra, CodProduto, Quantidade, Preco) values (424, 210, 174, 181, 96.93);
insert into ComprasItens (CodCompraItem, CodCompra, CodProduto, Quantidade, Preco) values (425, 135, 339, 86, 2645.04);
insert into ComprasItens (CodCompraItem, CodCompra, CodProduto, Quantidade, Preco) values (426, 258, 294, 56, 2372.24);
insert into ComprasItens (CodCompraItem, CodCompra, CodProduto, Quantidade, Preco) values (427, 243, 193, 146, 1162.85);
insert into ComprasItens (CodCompraItem, CodCompra, CodProduto, Quantidade, Preco) values (428, 295, 252, 134, 1543.68);
insert into ComprasItens (CodCompraItem, CodCompra, CodProduto, Quantidade, Preco) values (429, 92, 91, 70, 1205.38);
insert into ComprasItens (CodCompraItem, CodCompra, CodProduto, Quantidade, Preco) values (430, 156, 115, 46, 734.97);
insert into ComprasItens (CodCompraItem, CodCompra, CodProduto, Quantidade, Preco) values (431, 239, 263, 102, 407.84);
insert into ComprasItens (CodCompraItem, CodCompra, CodProduto, Quantidade, Preco) values (432, 209, 298, 127, 5551.74);
insert into ComprasItens (CodCompraItem, CodCompra, CodProduto, Quantidade, Preco) values (433, 110, 314, 46, 1127.12);
insert into ComprasItens (CodCompraItem, CodCompra, CodProduto, Quantidade, Preco) values (434, 225, 118, 50, 1572.90);
insert into ComprasItens (CodCompraItem, CodCompra, CodProduto, Quantidade, Preco) values (435, 12, 59, 66, 1864.53);
insert into ComprasItens (CodCompraItem, CodCompra, CodProduto, Quantidade, Preco) values (436, 198, 255, 128, 1603.12);
insert into ComprasItens (CodCompraItem, CodCompra, CodProduto, Quantidade, Preco) values (437, 256, 261, 200, 2739.96);
insert into ComprasItens (CodCompraItem, CodCompra, CodProduto, Quantidade, Preco) values (438, 212, 256, 159, 1745.82);
insert into ComprasItens (CodCompraItem, CodCompra, CodProduto, Quantidade, Preco) values (439, 127, 97, 74, 2506.00);
insert into ComprasItens (CodCompraItem, CodCompra, CodProduto, Quantidade, Preco) values (440, 113, 76, 102, 3429.16);
insert into ComprasItens (CodCompraItem, CodCompra, CodProduto, Quantidade, Preco) values (441, 264, 45, 53, 1725.15);
insert into ComprasItens (CodCompraItem, CodCompra, CodProduto, Quantidade, Preco) values (442, 274, 211, 199, 4143.30);
insert into ComprasItens (CodCompraItem, CodCompra, CodProduto, Quantidade, Preco) values (443, 16, 98, 76, 976.68);
insert into ComprasItens (CodCompraItem, CodCompra, CodProduto, Quantidade, Preco) values (444, 7, 117, 61, 2561.09);
insert into ComprasItens (CodCompraItem, CodCompra, CodProduto, Quantidade, Preco) values (445, 279, 54, 184, 2460.65);
insert into ComprasItens (CodCompraItem, CodCompra, CodProduto, Quantidade, Preco) values (446, 124, 215, 68, 1225.26);
insert into ComprasItens (CodCompraItem, CodCompra, CodProduto, Quantidade, Preco) values (447, 203, 300, 43, 244.08);
insert into ComprasItens (CodCompraItem, CodCompra, CodProduto, Quantidade, Preco) values (448, 160, 220, 29, 362.06);
insert into ComprasItens (CodCompraItem, CodCompra, CodProduto, Quantidade, Preco) values (449, 94, 187, 197, 5224.85);
insert into ComprasItens (CodCompraItem, CodCompra, CodProduto, Quantidade, Preco) values (450, 58, 76, 186, 6253.17);
insert into ComprasItens (CodCompraItem, CodCompra, CodProduto, Quantidade, Preco) values (451, 279, 45, 159, 5175.45);
insert into ComprasItens (CodCompraItem, CodCompra, CodProduto, Quantidade, Preco) values (452, 217, 134, 127, 5520.16);
insert into ComprasItens (CodCompraItem, CodCompra, CodProduto, Quantidade, Preco) values (453, 31, 26, 164, 334.56);
insert into ComprasItens (CodCompraItem, CodCompra, CodProduto, Quantidade, Preco) values (454, 32, 39, 158, 4570.88);
insert into ComprasItens (CodCompraItem, CodCompra, CodProduto, Quantidade, Preco) values (455, 140, 49, 40, 739.73);
insert into ComprasItens (CodCompraItem, CodCompra, CodProduto, Quantidade, Preco) values (456, 258, 30, 63, 2089.28);
insert into ComprasItens (CodCompraItem, CodCompra, CodProduto, Quantidade, Preco) values (457, 141, 209, 185, 3978.80);
insert into ComprasItens (CodCompraItem, CodCompra, CodProduto, Quantidade, Preco) values (458, 292, 165, 59, 1530.70);
insert into ComprasItens (CodCompraItem, CodCompra, CodProduto, Quantidade, Preco) values (459, 35, 242, 194, 695.61);
insert into ComprasItens (CodCompraItem, CodCompra, CodProduto, Quantidade, Preco) values (460, 39, 319, 145, 299.50);
insert into ComprasItens (CodCompraItem, CodCompra, CodProduto, Quantidade, Preco) values (461, 280, 332, 128, 824.06);
insert into ComprasItens (CodCompraItem, CodCompra, CodProduto, Quantidade, Preco) values (462, 148, 91, 104, 1790.85);
insert into ComprasItens (CodCompraItem, CodCompra, CodProduto, Quantidade, Preco) values (463, 57, 124, 159, 3152.02);
insert into ComprasItens (CodCompraItem, CodCompra, CodProduto, Quantidade, Preco) values (464, 257, 147, 71, 2173.71);
insert into ComprasItens (CodCompraItem, CodCompra, CodProduto, Quantidade, Preco) values (465, 225, 262, 187, 247.40);
insert into ComprasItens (CodCompraItem, CodCompra, CodProduto, Quantidade, Preco) values (466, 182, 298, 154, 6732.03);
insert into ComprasItens (CodCompraItem, CodCompra, CodProduto, Quantidade, Preco) values (467, 123, 336, 50, 819.18);
insert into ComprasItens (CodCompraItem, CodCompra, CodProduto, Quantidade, Preco) values (468, 125, 134, 197, 8562.76);
insert into ComprasItens (CodCompraItem, CodCompra, CodProduto, Quantidade, Preco) values (469, 21, 27, 87, 3236.92);
insert into ComprasItens (CodCompraItem, CodCompra, CodProduto, Quantidade, Preco) values (470, 25, 171, 116, 3724.50);
insert into ComprasItens (CodCompraItem, CodCompra, CodProduto, Quantidade, Preco) values (471, 230, 219, 14, 237.61);
insert into ComprasItens (CodCompraItem, CodCompra, CodProduto, Quantidade, Preco) values (472, 122, 262, 165, 218.30);
insert into ComprasItens (CodCompraItem, CodCompra, CodProduto, Quantidade, Preco) values (473, 137, 125, 133, 3223.28);
insert into ComprasItens (CodCompraItem, CodCompra, CodProduto, Quantidade, Preco) values (474, 269, 261, 39, 534.29);
insert into ComprasItens (CodCompraItem, CodCompra, CodProduto, Quantidade, Preco) values (475, 11, 255, 90, 1127.20);
insert into ComprasItens (CodCompraItem, CodCompra, CodProduto, Quantidade, Preco) values (476, 278, 304, 154, 1948.85);
insert into ComprasItens (CodCompraItem, CodCompra, CodProduto, Quantidade, Preco) values (477, 161, 51, 65, 2745.17);
insert into ComprasItens (CodCompraItem, CodCompra, CodProduto, Quantidade, Preco) values (478, 185, 77, 169, 4786.84);
insert into ComprasItens (CodCompraItem, CodCompra, CodProduto, Quantidade, Preco) values (479, 117, 59, 131, 3700.80);
insert into ComprasItens (CodCompraItem, CodCompra, CodProduto, Quantidade, Preco) values (480, 168, 334, 12, 230.60);
insert into ComprasItens (CodCompraItem, CodCompra, CodProduto, Quantidade, Preco) values (481, 63, 118, 183, 5756.81);
insert into ComprasItens (CodCompraItem, CodCompra, CodProduto, Quantidade, Preco) values (482, 159, 195, 109, 1006.67);
insert into ComprasItens (CodCompraItem, CodCompra, CodProduto, Quantidade, Preco) values (483, 105, 181, 49, 1121.17);
insert into ComprasItens (CodCompraItem, CodCompra, CodProduto, Quantidade, Preco) values (484, 13, 205, 55, 474.47);
insert into ComprasItens (CodCompraItem, CodCompra, CodProduto, Quantidade, Preco) values (485, 112, 32, 40, 1295.04);
insert into ComprasItens (CodCompraItem, CodCompra, CodProduto, Quantidade, Preco) values (486, 79, 136, 141, 1838.78);
insert into ComprasItens (CodCompraItem, CodCompra, CodProduto, Quantidade, Preco) values (487, 291, 345, 55, 1868.54);
insert into ComprasItens (CodCompraItem, CodCompra, CodProduto, Quantidade, Preco) values (488, 239, 42, 19, 269.11);
insert into ComprasItens (CodCompraItem, CodCompra, CodProduto, Quantidade, Preco) values (489, 140, 315, 62, 149.54);
insert into ComprasItens (CodCompraItem, CodCompra, CodProduto, Quantidade, Preco) values (490, 34, 37, 120, 121.82);
insert into ComprasItens (CodCompraItem, CodCompra, CodProduto, Quantidade, Preco) values (491, 172, 209, 105, 2258.24);
insert into ComprasItens (CodCompraItem, CodCompra, CodProduto, Quantidade, Preco) values (492, 277, 268, 3, 30.33);
insert into ComprasItens (CodCompraItem, CodCompra, CodProduto, Quantidade, Preco) values (493, 105, 14, 85, 3523.21);
insert into ComprasItens (CodCompraItem, CodCompra, CodProduto, Quantidade, Preco) values (494, 201, 24, 145, 767.91);
insert into ComprasItens (CodCompraItem, CodCompra, CodProduto, Quantidade, Preco) values (495, 268, 204, 64, 214.91);
insert into ComprasItens (CodCompraItem, CodCompra, CodProduto, Quantidade, Preco) values (496, 77, 117, 107, 4492.40);
insert into ComprasItens (CodCompraItem, CodCompra, CodProduto, Quantidade, Preco) values (497, 278, 72, 34, 498.58);
insert into ComprasItens (CodCompraItem, CodCompra, CodProduto, Quantidade, Preco) values (498, 30, 31, 151, 1409.01);
insert into ComprasItens (CodCompraItem, CodCompra, CodProduto, Quantidade, Preco) values (499, 18, 309, 41, 650.47);
insert into ComprasItens (CodCompraItem, CodCompra, CodProduto, Quantidade, Preco) values (500, 29, 239, 9, 354.05);
insert into ComprasItens (CodCompraItem, CodCompra, CodProduto, Quantidade, Preco) values (501, 22, 90, 86, 1741.76);
insert into ComprasItens (CodCompraItem, CodCompra, CodProduto, Quantidade, Preco) values (502, 294, 167, 5, 132.67);
insert into ComprasItens (CodCompraItem, CodCompra, CodProduto, Quantidade, Preco) values (503, 85, 202, 155, 1053.23);
insert into ComprasItens (CodCompraItem, CodCompra, CodProduto, Quantidade, Preco) values (504, 218, 317, 26, 808.89);
insert into ComprasItens (CodCompraItem, CodCompra, CodProduto, Quantidade, Preco) values (505, 30, 17, 141, 3939.74);
insert into ComprasItens (CodCompraItem, CodCompra, CodProduto, Quantidade, Preco) values (506, 250, 310, 42, 1170.06);
insert into ComprasItens (CodCompraItem, CodCompra, CodProduto, Quantidade, Preco) values (507, 72, 92, 95, 3813.36);
insert into ComprasItens (CodCompraItem, CodCompra, CodProduto, Quantidade, Preco) values (508, 225, 165, 102, 2646.29);
insert into ComprasItens (CodCompraItem, CodCompra, CodProduto, Quantidade, Preco) values (509, 300, 282, 15, 445.73);
insert into ComprasItens (CodCompraItem, CodCompra, CodProduto, Quantidade, Preco) values (510, 228, 10, 191, 3593.86);
insert into ComprasItens (CodCompraItem, CodCompra, CodProduto, Quantidade, Preco) values (511, 161, 62, 166, 3723.05);
insert into ComprasItens (CodCompraItem, CodCompra, CodProduto, Quantidade, Preco) values (512, 21, 206, 61, 2003.85);
insert into ComprasItens (CodCompraItem, CodCompra, CodProduto, Quantidade, Preco) values (513, 258, 337, 82, 22.14);
insert into ComprasItens (CodCompraItem, CodCompra, CodProduto, Quantidade, Preco) values (514, 215, 154, 60, 1714.50);
insert into ComprasItens (CodCompraItem, CodCompra, CodProduto, Quantidade, Preco) values (515, 294, 300, 61, 346.25);
insert into ComprasItens (CodCompraItem, CodCompra, CodProduto, Quantidade, Preco) values (516, 34, 228, 138, 2900.48);
insert into ComprasItens (CodCompraItem, CodCompra, CodProduto, Quantidade, Preco) values (517, 268, 40, 52, 2171.52);
insert into ComprasItens (CodCompraItem, CodCompra, CodProduto, Quantidade, Preco) values (518, 88, 57, 187, 254.47);
insert into ComprasItens (CodCompraItem, CodCompra, CodProduto, Quantidade, Preco) values (519, 273, 334, 162, 3113.12);
insert into ComprasItens (CodCompraItem, CodCompra, CodProduto, Quantidade, Preco) values (520, 24, 313, 151, 5667.57);
insert into ComprasItens (CodCompraItem, CodCompra, CodProduto, Quantidade, Preco) values (521, 104, 293, 93, 1581.15);
insert into ComprasItens (CodCompraItem, CodCompra, CodProduto, Quantidade, Preco) values (522, 202, 228, 45, 945.81);
insert into ComprasItens (CodCompraItem, CodCompra, CodProduto, Quantidade, Preco) values (523, 56, 291, 97, 3220.44);
insert into ComprasItens (CodCompraItem, CodCompra, CodProduto, Quantidade, Preco) values (524, 85, 49, 174, 3217.82);
insert into ComprasItens (CodCompraItem, CodCompra, CodProduto, Quantidade, Preco) values (525, 40, 302, 127, 3883.72);
insert into ComprasItens (CodCompraItem, CodCompra, CodProduto, Quantidade, Preco) values (526, 56, 183, 3, 39.96);
insert into ComprasItens (CodCompraItem, CodCompra, CodProduto, Quantidade, Preco) values (527, 194, 188, 135, 2034.88);
insert into ComprasItens (CodCompraItem, CodCompra, CodProduto, Quantidade, Preco) values (528, 144, 278, 48, 1062.94);
insert into ComprasItens (CodCompraItem, CodCompra, CodProduto, Quantidade, Preco) values (529, 16, 318, 198, 5325.51);
insert into ComprasItens (CodCompraItem, CodCompra, CodProduto, Quantidade, Preco) values (530, 206, 348, 147, 3691.17);
insert into ComprasItens (CodCompraItem, CodCompra, CodProduto, Quantidade, Preco) values (531, 164, 205, 116, 1000.71);
insert into ComprasItens (CodCompraItem, CodCompra, CodProduto, Quantidade, Preco) values (532, 19, 102, 8, 6.84);
insert into ComprasItens (CodCompraItem, CodCompra, CodProduto, Quantidade, Preco) values (533, 282, 111, 55, 2244.84);
insert into ComprasItens (CodCompraItem, CodCompra, CodProduto, Quantidade, Preco) values (534, 150, 296, 53, 1323.07);
insert into ComprasItens (CodCompraItem, CodCompra, CodProduto, Quantidade, Preco) values (535, 53, 60, 18, 190.35);
insert into ComprasItens (CodCompraItem, CodCompra, CodProduto, Quantidade, Preco) values (536, 13, 288, 32, 46.69);
insert into ComprasItens (CodCompraItem, CodCompra, CodProduto, Quantidade, Preco) values (537, 165, 200, 17, 344.07);
insert into ComprasItens (CodCompraItem, CodCompra, CodProduto, Quantidade, Preco) values (538, 205, 243, 73, 3219.30);
insert into ComprasItens (CodCompraItem, CodCompra, CodProduto, Quantidade, Preco) values (539, 268, 15, 34, 47.86);
insert into ComprasItens (CodCompraItem, CodCompra, CodProduto, Quantidade, Preco) values (540, 160, 204, 78, 261.92);
insert into ComprasItens (CodCompraItem, CodCompra, CodProduto, Quantidade, Preco) values (541, 276, 196, 140, 783.05);
insert into ComprasItens (CodCompraItem, CodCompra, CodProduto, Quantidade, Preco) values (542, 18, 94, 4, 106.33);
insert into ComprasItens (CodCompraItem, CodCompra, CodProduto, Quantidade, Preco) values (543, 190, 267, 86, 1984.92);
insert into ComprasItens (CodCompraItem, CodCompra, CodProduto, Quantidade, Preco) values (544, 184, 78, 153, 1163.57);
insert into ComprasItens (CodCompraItem, CodCompra, CodProduto, Quantidade, Preco) values (545, 94, 29, 25, 731.25);
insert into ComprasItens (CodCompraItem, CodCompra, CodProduto, Quantidade, Preco) values (546, 151, 157, 38, 394.14);
insert into ComprasItens (CodCompraItem, CodCompra, CodProduto, Quantidade, Preco) values (547, 147, 70, 66, 673.87);
insert into ComprasItens (CodCompraItem, CodCompra, CodProduto, Quantidade, Preco) values (548, 203, 346, 94, 2149.69);
insert into ComprasItens (CodCompraItem, CodCompra, CodProduto, Quantidade, Preco) values (549, 182, 1, 141, 2098.59);
insert into ComprasItens (CodCompraItem, CodCompra, CodProduto, Quantidade, Preco) values (550, 77, 165, 45, 1167.48);
insert into ComprasItens (CodCompraItem, CodCompra, CodProduto, Quantidade, Preco) values (551, 146, 171, 93, 2986.03);
insert into ComprasItens (CodCompraItem, CodCompra, CodProduto, Quantidade, Preco) values (552, 35, 3, 166, 5133.88);
insert into ComprasItens (CodCompraItem, CodCompra, CodProduto, Quantidade, Preco) values (553, 46, 132, 65, 2960.96);
insert into ComprasItens (CodCompraItem, CodCompra, CodProduto, Quantidade, Preco) values (554, 49, 146, 130, 4447.01);
insert into ComprasItens (CodCompraItem, CodCompra, CodProduto, Quantidade, Preco) values (555, 248, 207, 129, 5758.56);
insert into ComprasItens (CodCompraItem, CodCompra, CodProduto, Quantidade, Preco) values (556, 163, 181, 29, 663.55);
insert into ComprasItens (CodCompraItem, CodCompra, CodProduto, Quantidade, Preco) values (557, 291, 195, 88, 812.72);
insert into ComprasItens (CodCompraItem, CodCompra, CodProduto, Quantidade, Preco) values (558, 58, 135, 95, 3021.51);
insert into ComprasItens (CodCompraItem, CodCompra, CodProduto, Quantidade, Preco) values (559, 271, 141, 50, 790.50);
insert into ComprasItens (CodCompraItem, CodCompra, CodProduto, Quantidade, Preco) values (560, 145, 342, 141, 5636.26);
insert into ComprasItens (CodCompraItem, CodCompra, CodProduto, Quantidade, Preco) values (561, 158, 218, 71, 1530.79);
insert into ComprasItens (CodCompraItem, CodCompra, CodProduto, Quantidade, Preco) values (562, 4, 285, 8, 94.06);
insert into ComprasItens (CodCompraItem, CodCompra, CodProduto, Quantidade, Preco) values (563, 124, 48, 27, 924.71);
insert into ComprasItens (CodCompraItem, CodCompra, CodProduto, Quantidade, Preco) values (564, 174, 18, 8, 49.28);
insert into ComprasItens (CodCompraItem, CodCompra, CodProduto, Quantidade, Preco) values (565, 288, 158, 81, 1359.59);
insert into ComprasItens (CodCompraItem, CodCompra, CodProduto, Quantidade, Preco) values (566, 157, 186, 101, 3599.91);
insert into ComprasItens (CodCompraItem, CodCompra, CodProduto, Quantidade, Preco) values (567, 45, 5, 2, 78.59);
insert into ComprasItens (CodCompraItem, CodCompra, CodProduto, Quantidade, Preco) values (568, 182, 164, 98, 2565.09);
insert into ComprasItens (CodCompraItem, CodCompra, CodProduto, Quantidade, Preco) values (569, 153, 220, 187, 2334.66);
insert into ComprasItens (CodCompraItem, CodCompra, CodProduto, Quantidade, Preco) values (570, 232, 176, 67, 2765.60);
insert into ComprasItens (CodCompraItem, CodCompra, CodProduto, Quantidade, Preco) values (571, 17, 188, 79, 1190.78);
insert into ComprasItens (CodCompraItem, CodCompra, CodProduto, Quantidade, Preco) values (572, 36, 227, 65, 1524.57);
insert into ComprasItens (CodCompraItem, CodCompra, CodProduto, Quantidade, Preco) values (573, 106, 344, 158, 2610.79);
insert into ComprasItens (CodCompraItem, CodCompra, CodProduto, Quantidade, Preco) values (574, 271, 171, 17, 545.83);
insert into ComprasItens (CodCompraItem, CodCompra, CodProduto, Quantidade, Preco) values (575, 128, 37, 63, 63.96);
insert into ComprasItens (CodCompraItem, CodCompra, CodProduto, Quantidade, Preco) values (576, 52, 180, 104, 1754.81);
insert into ComprasItens (CodCompraItem, CodCompra, CodProduto, Quantidade, Preco) values (577, 171, 207, 132, 5892.48);
insert into ComprasItens (CodCompraItem, CodCompra, CodProduto, Quantidade, Preco) values (578, 203, 163, 14, 261.05);
insert into ComprasItens (CodCompraItem, CodCompra, CodProduto, Quantidade, Preco) values (579, 206, 52, 106, 2377.05);
insert into ComprasItens (CodCompraItem, CodCompra, CodProduto, Quantidade, Preco) values (580, 2, 180, 162, 2733.46);
insert into ComprasItens (CodCompraItem, CodCompra, CodProduto, Quantidade, Preco) values (581, 212, 126, 30, 264.60);
insert into ComprasItens (CodCompraItem, CodCompra, CodProduto, Quantidade, Preco) values (582, 198, 96, 107, 3241.46);
insert into ComprasItens (CodCompraItem, CodCompra, CodProduto, Quantidade, Preco) values (583, 275, 52, 118, 2646.15);
insert into ComprasItens (CodCompraItem, CodCompra, CodProduto, Quantidade, Preco) values (584, 29, 131, 185, 6047.28);
insert into ComprasItens (CodCompraItem, CodCompra, CodProduto, Quantidade, Preco) values (585, 234, 301, 129, 604.57);
insert into ComprasItens (CodCompraItem, CodCompra, CodProduto, Quantidade, Preco) values (586, 173, 32, 98, 3172.85);
insert into ComprasItens (CodCompraItem, CodCompra, CodProduto, Quantidade, Preco) values (587, 75, 179, 27, 676.03);
insert into ComprasItens (CodCompraItem, CodCompra, CodProduto, Quantidade, Preco) values (588, 21, 266, 47, 1681.99);
insert into ComprasItens (CodCompraItem, CodCompra, CodProduto, Quantidade, Preco) values (589, 22, 222, 185, 1857.14);
insert into ComprasItens (CodCompraItem, CodCompra, CodProduto, Quantidade, Preco) values (590, 104, 36, 107, 4158.81);
insert into ComprasItens (CodCompraItem, CodCompra, CodProduto, Quantidade, Preco) values (591, 94, 142, 163, 3281.39);
insert into ComprasItens (CodCompraItem, CodCompra, CodProduto, Quantidade, Preco) values (592, 187, 316, 140, 361.49);
insert into ComprasItens (CodCompraItem, CodCompra, CodProduto, Quantidade, Preco) values (593, 294, 314, 78, 1911.20);
insert into ComprasItens (CodCompraItem, CodCompra, CodProduto, Quantidade, Preco) values (594, 63, 34, 64, 2005.40);
insert into ComprasItens (CodCompraItem, CodCompra, CodProduto, Quantidade, Preco) values (595, 228, 243, 117, 5159.70);
insert into ComprasItens (CodCompraItem, CodCompra, CodProduto, Quantidade, Preco) values (596, 291, 132, 95, 4327.55);
insert into ComprasItens (CodCompraItem, CodCompra, CodProduto, Quantidade, Preco) values (597, 9, 197, 126, 3379.32);
insert into ComprasItens (CodCompraItem, CodCompra, CodProduto, Quantidade, Preco) values (598, 260, 284, 25, 64.82);
insert into ComprasItens (CodCompraItem, CodCompra, CodProduto, Quantidade, Preco) values (599, 134, 33, 39, 166.73);
insert into ComprasItens (CodCompraItem, CodCompra, CodProduto, Quantidade, Preco) values (600, 167, 331, 193, 5705.00);
insert into ComprasItens (CodCompraItem, CodCompra, CodProduto, Quantidade, Preco) values (601, 54, 68, 199, 4561.68);
insert into ComprasItens (CodCompraItem, CodCompra, CodProduto, Quantidade, Preco) values (602, 193, 198, 147, 1294.16);
insert into ComprasItens (CodCompraItem, CodCompra, CodProduto, Quantidade, Preco) values (603, 242, 300, 99, 561.95);
insert into ComprasItens (CodCompraItem, CodCompra, CodProduto, Quantidade, Preco) values (604, 293, 207, 110, 4910.40);
insert into ComprasItens (CodCompraItem, CodCompra, CodProduto, Quantidade, Preco) values (605, 78, 167, 200, 5306.70);
insert into ComprasItens (CodCompraItem, CodCompra, CodProduto, Quantidade, Preco) values (606, 222, 314, 88, 2156.22);
insert into ComprasItens (CodCompraItem, CodCompra, CodProduto, Quantidade, Preco) values (607, 104, 246, 176, 5029.20);
insert into ComprasItens (CodCompraItem, CodCompra, CodProduto, Quantidade, Preco) values (608, 107, 223, 156, 3493.43);
insert into ComprasItens (CodCompraItem, CodCompra, CodProduto, Quantidade, Preco) values (609, 29, 173, 154, 4604.57);
insert into ComprasItens (CodCompraItem, CodCompra, CodProduto, Quantidade, Preco) values (610, 35, 232, 175, 4074.00);
insert into ComprasItens (CodCompraItem, CodCompra, CodProduto, Quantidade, Preco) values (611, 83, 185, 166, 4016.87);
insert into ComprasItens (CodCompraItem, CodCompra, CodProduto, Quantidade, Preco) values (612, 102, 141, 56, 885.36);
insert into ComprasItens (CodCompraItem, CodCompra, CodProduto, Quantidade, Preco) values (613, 118, 293, 194, 3298.31);
insert into ComprasItens (CodCompraItem, CodCompra, CodProduto, Quantidade, Preco) values (614, 291, 132, 162, 7379.62);
insert into ComprasItens (CodCompraItem, CodCompra, CodProduto, Quantidade, Preco) values (615, 94, 52, 159, 3565.58);
insert into ComprasItens (CodCompraItem, CodCompra, CodProduto, Quantidade, Preco) values (616, 167, 122, 165, 3405.85);
insert into ComprasItens (CodCompraItem, CodCompra, CodProduto, Quantidade, Preco) values (617, 299, 276, 99, 2338.58);
insert into ComprasItens (CodCompraItem, CodCompra, CodProduto, Quantidade, Preco) values (618, 156, 212, 123, 1115.41);
insert into ComprasItens (CodCompraItem, CodCompra, CodProduto, Quantidade, Preco) values (619, 216, 286, 53, 656.35);
insert into ComprasItens (CodCompraItem, CodCompra, CodProduto, Quantidade, Preco) values (620, 74, 144, 9, 68.76);
insert into ComprasItens (CodCompraItem, CodCompra, CodProduto, Quantidade, Preco) values (621, 46, 55, 174, 6043.51);
insert into ComprasItens (CodCompraItem, CodCompra, CodProduto, Quantidade, Preco) values (622, 223, 149, 75, 856.17);
insert into ComprasItens (CodCompraItem, CodCompra, CodProduto, Quantidade, Preco) values (623, 44, 215, 72, 1297.34);
insert into ComprasItens (CodCompraItem, CodCompra, CodProduto, Quantidade, Preco) values (624, 245, 317, 97, 3017.79);
insert into ComprasItens (CodCompraItem, CodCompra, CodProduto, Quantidade, Preco) values (625, 64, 274, 145, 2636.27);
insert into ComprasItens (CodCompraItem, CodCompra, CodProduto, Quantidade, Preco) values (626, 260, 283, 35, 576.70);
insert into ComprasItens (CodCompraItem, CodCompra, CodProduto, Quantidade, Preco) values (627, 214, 321, 129, 2091.58);
insert into ComprasItens (CodCompraItem, CodCompra, CodProduto, Quantidade, Preco) values (628, 139, 87, 114, 4390.73);
insert into ComprasItens (CodCompraItem, CodCompra, CodProduto, Quantidade, Preco) values (629, 174, 67, 3, 77.74);
insert into ComprasItens (CodCompraItem, CodCompra, CodProduto, Quantidade, Preco) values (630, 99, 337, 120, 32.40);
insert into ComprasItens (CodCompraItem, CodCompra, CodProduto, Quantidade, Preco) values (631, 43, 253, 60, 1421.48);
insert into ComprasItens (CodCompraItem, CodCompra, CodProduto, Quantidade, Preco) values (632, 87, 173, 177, 5292.26);
insert into ComprasItens (CodCompraItem, CodCompra, CodProduto, Quantidade, Preco) values (633, 138, 15, 155, 218.18);
insert into ComprasItens (CodCompraItem, CodCompra, CodProduto, Quantidade, Preco) values (634, 241, 191, 32, 885.81);
insert into ComprasItens (CodCompraItem, CodCompra, CodProduto, Quantidade, Preco) values (635, 234, 139, 65, 1431.92);
insert into ComprasItens (CodCompraItem, CodCompra, CodProduto, Quantidade, Preco) values (636, 289, 189, 126, 2805.74);
insert into ComprasItens (CodCompraItem, CodCompra, CodProduto, Quantidade, Preco) values (637, 173, 237, 90, 702.81);
insert into ComprasItens (CodCompraItem, CodCompra, CodProduto, Quantidade, Preco) values (638, 264, 209, 1, 21.51);
insert into ComprasItens (CodCompraItem, CodCompra, CodProduto, Quantidade, Preco) values (639, 286, 142, 100, 2013.12);
insert into ComprasItens (CodCompraItem, CodCompra, CodProduto, Quantidade, Preco) values (640, 107, 309, 171, 2712.95);
insert into ComprasItens (CodCompraItem, CodCompra, CodProduto, Quantidade, Preco) values (641, 224, 289, 84, 2728.63);
insert into ComprasItens (CodCompraItem, CodCompra, CodProduto, Quantidade, Preco) values (642, 48, 177, 127, 4127.45);
insert into ComprasItens (CodCompraItem, CodCompra, CodProduto, Quantidade, Preco) values (643, 18, 242, 61, 218.72);
insert into ComprasItens (CodCompraItem, CodCompra, CodProduto, Quantidade, Preco) values (644, 141, 343, 168, 6055.56);
insert into ComprasItens (CodCompraItem, CodCompra, CodProduto, Quantidade, Preco) values (645, 292, 97, 82, 2776.92);
insert into ComprasItens (CodCompraItem, CodCompra, CodProduto, Quantidade, Preco) values (646, 7, 62, 110, 2467.08);
insert into ComprasItens (CodCompraItem, CodCompra, CodProduto, Quantidade, Preco) values (647, 147, 324, 117, 2362.93);
insert into ComprasItens (CodCompraItem, CodCompra, CodProduto, Quantidade, Preco) values (648, 138, 209, 145, 3118.52);
insert into ComprasItens (CodCompraItem, CodCompra, CodProduto, Quantidade, Preco) values (649, 152, 56, 5, 25.94);
insert into ComprasItens (CodCompraItem, CodCompra, CodProduto, Quantidade, Preco) values (650, 109, 331, 142, 4197.46);
insert into ComprasItens (CodCompraItem, CodCompra, CodProduto, Quantidade, Preco) values (651, 252, 33, 161, 688.28);
insert into ComprasItens (CodCompraItem, CodCompra, CodProduto, Quantidade, Preco) values (652, 281, 152, 132, 2445.70);
insert into ComprasItens (CodCompraItem, CodCompra, CodProduto, Quantidade, Preco) values (653, 60, 236, 28, 71.13);
insert into ComprasItens (CodCompraItem, CodCompra, CodProduto, Quantidade, Preco) values (654, 252, 22, 102, 1422.29);
insert into ComprasItens (CodCompraItem, CodCompra, CodProduto, Quantidade, Preco) values (655, 282, 207, 54, 2410.56);
insert into ComprasItens (CodCompraItem, CodCompra, CodProduto, Quantidade, Preco) values (656, 56, 136, 156, 2034.40);
insert into ComprasItens (CodCompraItem, CodCompra, CodProduto, Quantidade, Preco) values (657, 172, 249, 23, 100.15);
insert into ComprasItens (CodCompraItem, CodCompra, CodProduto, Quantidade, Preco) values (658, 110, 250, 161, 931.47);
insert into ComprasItens (CodCompraItem, CodCompra, CodProduto, Quantidade, Preco) values (659, 166, 112, 85, 2974.32);
insert into ComprasItens (CodCompraItem, CodCompra, CodProduto, Quantidade, Preco) values (660, 137, 228, 102, 2143.84);
insert into ComprasItens (CodCompraItem, CodCompra, CodProduto, Quantidade, Preco) values (661, 276, 210, 70, 2064.38);
insert into ComprasItens (CodCompraItem, CodCompra, CodProduto, Quantidade, Preco) values (662, 60, 269, 159, 5347.17);
insert into ComprasItens (CodCompraItem, CodCompra, CodProduto, Quantidade, Preco) values (663, 158, 247, 141, 4898.93);
insert into ComprasItens (CodCompraItem, CodCompra, CodProduto, Quantidade, Preco) values (664, 223, 128, 68, 1028.59);
insert into ComprasItens (CodCompraItem, CodCompra, CodProduto, Quantidade, Preco) values (665, 208, 255, 152, 1903.71);
insert into ComprasItens (CodCompraItem, CodCompra, CodProduto, Quantidade, Preco) values (666, 185, 58, 73, 1724.63);
insert into ComprasItens (CodCompraItem, CodCompra, CodProduto, Quantidade, Preco) values (667, 98, 17, 84, 2347.08);
insert into ComprasItens (CodCompraItem, CodCompra, CodProduto, Quantidade, Preco) values (668, 190, 26, 8, 16.32);
insert into ComprasItens (CodCompraItem, CodCompra, CodProduto, Quantidade, Preco) values (669, 71, 332, 195, 1255.41);
insert into ComprasItens (CodCompraItem, CodCompra, CodProduto, Quantidade, Preco) values (670, 291, 172, 98, 801.39);
insert into ComprasItens (CodCompraItem, CodCompra, CodProduto, Quantidade, Preco) values (671, 62, 136, 68, 886.79);
insert into ComprasItens (CodCompraItem, CodCompra, CodProduto, Quantidade, Preco) values (672, 131, 11, 40, 134.16);
insert into ComprasItens (CodCompraItem, CodCompra, CodProduto, Quantidade, Preco) values (673, 59, 95, 31, 95.14);
insert into ComprasItens (CodCompraItem, CodCompra, CodProduto, Quantidade, Preco) values (674, 98, 290, 22, 62.57);
insert into ComprasItens (CodCompraItem, CodCompra, CodProduto, Quantidade, Preco) values (675, 86, 214, 76, 307.85);
insert into ComprasItens (CodCompraItem, CodCompra, CodProduto, Quantidade, Preco) values (676, 259, 147, 72, 2204.32);
insert into ComprasItens (CodCompraItem, CodCompra, CodProduto, Quantidade, Preco) values (677, 127, 302, 65, 1987.73);
insert into ComprasItens (CodCompraItem, CodCompra, CodProduto, Quantidade, Preco) values (678, 251, 248, 10, 340.20);
insert into ComprasItens (CodCompraItem, CodCompra, CodProduto, Quantidade, Preco) values (679, 260, 126, 189, 1666.98);
insert into ComprasItens (CodCompraItem, CodCompra, CodProduto, Quantidade, Preco) values (680, 146, 76, 182, 6118.69);
insert into ComprasItens (CodCompraItem, CodCompra, CodProduto, Quantidade, Preco) values (681, 121, 187, 154, 4084.40);
insert into ComprasItens (CodCompraItem, CodCompra, CodProduto, Quantidade, Preco) values (682, 253, 294, 142, 6015.33);
insert into ComprasItens (CodCompraItem, CodCompra, CodProduto, Quantidade, Preco) values (683, 247, 307, 34, 1103.33);
insert into ComprasItens (CodCompraItem, CodCompra, CodProduto, Quantidade, Preco) values (684, 50, 289, 159, 5164.91);
insert into ComprasItens (CodCompraItem, CodCompra, CodProduto, Quantidade, Preco) values (685, 259, 121, 68, 438.60);
insert into ComprasItens (CodCompraItem, CodCompra, CodProduto, Quantidade, Preco) values (686, 174, 76, 47, 1580.10);
insert into ComprasItens (CodCompraItem, CodCompra, CodProduto, Quantidade, Preco) values (687, 290, 228, 132, 2774.38);
insert into ComprasItens (CodCompraItem, CodCompra, CodProduto, Quantidade, Preco) values (688, 108, 113, 101, 531.40);
insert into ComprasItens (CodCompraItem, CodCompra, CodProduto, Quantidade, Preco) values (689, 199, 140, 21, 13.05);
insert into ComprasItens (CodCompraItem, CodCompra, CodProduto, Quantidade, Preco) values (690, 171, 238, 81, 746.98);
insert into ComprasItens (CodCompraItem, CodCompra, CodProduto, Quantidade, Preco) values (691, 10, 37, 21, 21.32);
insert into ComprasItens (CodCompraItem, CodCompra, CodProduto, Quantidade, Preco) values (692, 229, 315, 96, 231.55);
insert into ComprasItens (CodCompraItem, CodCompra, CodProduto, Quantidade, Preco) values (693, 23, 322, 115, 4040.81);
insert into ComprasItens (CodCompraItem, CodCompra, CodProduto, Quantidade, Preco) values (694, 13, 159, 187, 7362.90);
insert into ComprasItens (CodCompraItem, CodCompra, CodProduto, Quantidade, Preco) values (695, 6, 206, 13, 427.05);
insert into ComprasItens (CodCompraItem, CodCompra, CodProduto, Quantidade, Preco) values (696, 158, 91, 6, 103.32);
insert into ComprasItens (CodCompraItem, CodCompra, CodProduto, Quantidade, Preco) values (697, 87, 241, 197, 7166.94);
insert into ComprasItens (CodCompraItem, CodCompra, CodProduto, Quantidade, Preco) values (698, 158, 103, 36, 1308.38);
insert into ComprasItens (CodCompraItem, CodCompra, CodProduto, Quantidade, Preco) values (699, 137, 149, 100, 1141.56);
insert into ComprasItens (CodCompraItem, CodCompra, CodProduto, Quantidade, Preco) values (700, 172, 232, 65, 1513.20);
insert into ComprasItens (CodCompraItem, CodCompra, CodProduto, Quantidade, Preco) values (701, 113, 88, 8, 48.92);
insert into ComprasItens (CodCompraItem, CodCompra, CodProduto, Quantidade, Preco) values (702, 118, 311, 98, 657.09);
insert into ComprasItens (CodCompraItem, CodCompra, CodProduto, Quantidade, Preco) values (703, 81, 62, 94, 2108.23);
insert into ComprasItens (CodCompraItem, CodCompra, CodProduto, Quantidade, Preco) values (704, 187, 348, 22, 552.42);
insert into ComprasItens (CodCompraItem, CodCompra, CodProduto, Quantidade, Preco) values (705, 92, 11, 116, 389.06);
insert into ComprasItens (CodCompraItem, CodCompra, CodProduto, Quantidade, Preco) values (706, 250, 228, 90, 1891.62);
insert into ComprasItens (CodCompraItem, CodCompra, CodProduto, Quantidade, Preco) values (707, 138, 105, 18, 179.15);
insert into ComprasItens (CodCompraItem, CodCompra, CodProduto, Quantidade, Preco) values (708, 274, 33, 35, 149.63);
insert into ComprasItens (CodCompraItem, CodCompra, CodProduto, Quantidade, Preco) values (709, 272, 85, 41, 203.69);
insert into ComprasItens (CodCompraItem, CodCompra, CodProduto, Quantidade, Preco) values (710, 273, 174, 12, 6.43);
insert into ComprasItens (CodCompraItem, CodCompra, CodProduto, Quantidade, Preco) values (711, 282, 275, 149, 234.94);
insert into ComprasItens (CodCompraItem, CodCompra, CodProduto, Quantidade, Preco) values (712, 105, 94, 197, 5236.73);
insert into ComprasItens (CodCompraItem, CodCompra, CodProduto, Quantidade, Preco) values (713, 242, 96, 48, 1454.11);
insert into ComprasItens (CodCompraItem, CodCompra, CodProduto, Quantidade, Preco) values (714, 292, 99, 178, 4645.75);
insert into ComprasItens (CodCompraItem, CodCompra, CodProduto, Quantidade, Preco) values (715, 169, 341, 148, 5230.32);
insert into ComprasItens (CodCompraItem, CodCompra, CodProduto, Quantidade, Preco) values (716, 189, 283, 34, 560.22);
insert into ComprasItens (CodCompraItem, CodCompra, CodProduto, Quantidade, Preco) values (717, 38, 190, 194, 5339.27);
insert into ComprasItens (CodCompraItem, CodCompra, CodProduto, Quantidade, Preco) values (718, 189, 25, 28, 64.56);
insert into ComprasItens (CodCompraItem, CodCompra, CodProduto, Quantidade, Preco) values (719, 48, 326, 19, 286.56);
insert into ComprasItens (CodCompraItem, CodCompra, CodProduto, Quantidade, Preco) values (720, 220, 67, 189, 4897.52);
insert into ComprasItens (CodCompraItem, CodCompra, CodProduto, Quantidade, Preco) values (721, 258, 319, 71, 146.65);
insert into ComprasItens (CodCompraItem, CodCompra, CodProduto, Quantidade, Preco) values (722, 152, 293, 184, 3128.29);
insert into ComprasItens (CodCompraItem, CodCompra, CodProduto, Quantidade, Preco) values (723, 63, 217, 97, 2884.54);
insert into ComprasItens (CodCompraItem, CodCompra, CodProduto, Quantidade, Preco) values (724, 29, 298, 102, 4458.88);
insert into ComprasItens (CodCompraItem, CodCompra, CodProduto, Quantidade, Preco) values (725, 184, 75, 135, 2305.46);
insert into ComprasItens (CodCompraItem, CodCompra, CodProduto, Quantidade, Preco) values (726, 149, 240, 110, 213.84);
insert into ComprasItens (CodCompraItem, CodCompra, CodProduto, Quantidade, Preco) values (727, 204, 222, 71, 712.74);
insert into ComprasItens (CodCompraItem, CodCompra, CodProduto, Quantidade, Preco) values (728, 163, 87, 55, 2118.34);
insert into ComprasItens (CodCompraItem, CodCompra, CodProduto, Quantidade, Preco) values (729, 63, 322, 97, 3408.34);
insert into ComprasItens (CodCompraItem, CodCompra, CodProduto, Quantidade, Preco) values (730, 49, 82, 88, 1767.48);
insert into ComprasItens (CodCompraItem, CodCompra, CodProduto, Quantidade, Preco) values (731, 87, 316, 12, 30.99);
insert into ComprasItens (CodCompraItem, CodCompra, CodProduto, Quantidade, Preco) values (732, 2, 270, 49, 1965.46);
insert into ComprasItens (CodCompraItem, CodCompra, CodProduto, Quantidade, Preco) values (733, 239, 246, 32, 914.40);
insert into ComprasItens (CodCompraItem, CodCompra, CodProduto, Quantidade, Preco) values (734, 89, 328, 159, 1297.54);
insert into ComprasItens (CodCompraItem, CodCompra, CodProduto, Quantidade, Preco) values (735, 18, 122, 163, 3364.56);
insert into ComprasItens (CodCompraItem, CodCompra, CodProduto, Quantidade, Preco) values (736, 147, 116, 22, 376.46);
insert into ComprasItens (CodCompraItem, CodCompra, CodProduto, Quantidade, Preco) values (737, 134, 206, 107, 3514.95);
insert into ComprasItens (CodCompraItem, CodCompra, CodProduto, Quantidade, Preco) values (738, 162, 81, 182, 3934.75);
insert into ComprasItens (CodCompraItem, CodCompra, CodProduto, Quantidade, Preco) values (739, 37, 93, 57, 1949.98);
insert into ComprasItens (CodCompraItem, CodCompra, CodProduto, Quantidade, Preco) values (740, 7, 93, 6, 205.26);
insert into ComprasItens (CodCompraItem, CodCompra, CodProduto, Quantidade, Preco) values (741, 186, 316, 38, 98.12);
insert into ComprasItens (CodCompraItem, CodCompra, CodProduto, Quantidade, Preco) values (742, 13, 191, 150, 4152.24);
insert into ComprasItens (CodCompraItem, CodCompra, CodProduto, Quantidade, Preco) values (743, 102, 300, 123, 698.18);
insert into ComprasItens (CodCompraItem, CodCompra, CodProduto, Quantidade, Preco) values (744, 130, 297, 171, 3199.68);
insert into ComprasItens (CodCompraItem, CodCompra, CodProduto, Quantidade, Preco) values (745, 168, 19, 129, 3466.98);
insert into ComprasItens (CodCompraItem, CodCompra, CodProduto, Quantidade, Preco) values (746, 224, 53, 116, 3731.46);
insert into ComprasItens (CodCompraItem, CodCompra, CodProduto, Quantidade, Preco) values (747, 185, 230, 144, 2289.64);
insert into ComprasItens (CodCompraItem, CodCompra, CodProduto, Quantidade, Preco) values (748, 148, 113, 199, 1047.02);
insert into ComprasItens (CodCompraItem, CodCompra, CodProduto, Quantidade, Preco) values (749, 58, 94, 158, 4200.02);
insert into ComprasItens (CodCompraItem, CodCompra, CodProduto, Quantidade, Preco) values (750, 131, 253, 37, 876.58);
insert into ComprasItens (CodCompraItem, CodCompra, CodProduto, Quantidade, Preco) values (751, 120, 132, 9, 409.98);
insert into ComprasItens (CodCompraItem, CodCompra, CodProduto, Quantidade, Preco) values (752, 128, 230, 189, 3005.16);
insert into ComprasItens (CodCompraItem, CodCompra, CodProduto, Quantidade, Preco) values (753, 155, 12, 126, 534.64);
insert into ComprasItens (CodCompraItem, CodCompra, CodProduto, Quantidade, Preco) values (754, 226, 318, 156, 4195.85);
insert into ComprasItens (CodCompraItem, CodCompra, CodProduto, Quantidade, Preco) values (755, 151, 245, 78, 2902.07);
insert into ComprasItens (CodCompraItem, CodCompra, CodProduto, Quantidade, Preco) values (756, 98, 13, 38, 228.73);
insert into ComprasItens (CodCompraItem, CodCompra, CodProduto, Quantidade, Preco) values (757, 240, 138, 7, 156.89);
insert into ComprasItens (CodCompraItem, CodCompra, CodProduto, Quantidade, Preco) values (758, 224, 251, 174, 4266.10);
insert into ComprasItens (CodCompraItem, CodCompra, CodProduto, Quantidade, Preco) values (759, 20, 339, 58, 1783.87);
insert into ComprasItens (CodCompraItem, CodCompra, CodProduto, Quantidade, Preco) values (760, 208, 259, 105, 2963.52);
insert into ComprasItens (CodCompraItem, CodCompra, CodProduto, Quantidade, Preco) values (761, 21, 254, 95, 451.75);
insert into ComprasItens (CodCompraItem, CodCompra, CodProduto, Quantidade, Preco) values (762, 214, 238, 103, 949.87);
insert into ComprasItens (CodCompraItem, CodCompra, CodProduto, Quantidade, Preco) values (763, 196, 13, 117, 704.25);
insert into ComprasItens (CodCompraItem, CodCompra, CodProduto, Quantidade, Preco) values (764, 260, 184, 200, 1921.92);
insert into ComprasItens (CodCompraItem, CodCompra, CodProduto, Quantidade, Preco) values (765, 101, 188, 99, 1492.25);
insert into ComprasItens (CodCompraItem, CodCompra, CodProduto, Quantidade, Preco) values (766, 289, 89, 40, 95.40);
insert into ComprasItens (CodCompraItem, CodCompra, CodProduto, Quantidade, Preco) values (767, 133, 282, 89, 2644.66);
insert into ComprasItens (CodCompraItem, CodCompra, CodProduto, Quantidade, Preco) values (768, 90, 137, 119, 843.41);
insert into ComprasItens (CodCompraItem, CodCompra, CodProduto, Quantidade, Preco) values (769, 120, 239, 110, 4327.32);
insert into ComprasItens (CodCompraItem, CodCompra, CodProduto, Quantidade, Preco) values (770, 60, 350, 37, 802.29);
insert into ComprasItens (CodCompraItem, CodCompra, CodProduto, Quantidade, Preco) values (771, 52, 211, 140, 2914.88);
insert into ComprasItens (CodCompraItem, CodCompra, CodProduto, Quantidade, Preco) values (772, 187, 67, 62, 1606.59);
insert into ComprasItens (CodCompraItem, CodCompra, CodProduto, Quantidade, Preco) values (773, 94, 32, 46, 1489.30);
insert into ComprasItens (CodCompraItem, CodCompra, CodProduto, Quantidade, Preco) values (774, 61, 81, 78, 1686.32);
insert into ComprasItens (CodCompraItem, CodCompra, CodProduto, Quantidade, Preco) values (775, 24, 290, 164, 466.42);
insert into ComprasItens (CodCompraItem, CodCompra, CodProduto, Quantidade, Preco) values (776, 98, 226, 45, 480.92);
insert into ComprasItens (CodCompraItem, CodCompra, CodProduto, Quantidade, Preco) values (777, 185, 88, 125, 764.33);
insert into ComprasItens (CodCompraItem, CodCompra, CodProduto, Quantidade, Preco) values (778, 237, 311, 81, 543.11);
insert into ComprasItens (CodCompraItem, CodCompra, CodProduto, Quantidade, Preco) values (779, 231, 12, 172, 729.83);
insert into ComprasItens (CodCompraItem, CodCompra, CodProduto, Quantidade, Preco) values (780, 102, 11, 109, 365.59);
insert into ComprasItens (CodCompraItem, CodCompra, CodProduto, Quantidade, Preco) values (781, 271, 280, 111, 4445.02);
insert into ComprasItens (CodCompraItem, CodCompra, CodProduto, Quantidade, Preco) values (782, 36, 287, 194, 977.76);
insert into ComprasItens (CodCompraItem, CodCompra, CodProduto, Quantidade, Preco) values (783, 228, 283, 33, 543.75);
insert into ComprasItens (CodCompraItem, CodCompra, CodProduto, Quantidade, Preco) values (784, 148, 53, 145, 4664.33);
insert into ComprasItens (CodCompraItem, CodCompra, CodProduto, Quantidade, Preco) values (785, 241, 314, 69, 1690.67);
insert into ComprasItens (CodCompraItem, CodCompra, CodProduto, Quantidade, Preco) values (786, 125, 300, 166, 942.27);
insert into ComprasItens (CodCompraItem, CodCompra, CodProduto, Quantidade, Preco) values (787, 52, 145, 70, 415.40);
insert into ComprasItens (CodCompraItem, CodCompra, CodProduto, Quantidade, Preco) values (788, 74, 38, 196, 1301.66);
insert into ComprasItens (CodCompraItem, CodCompra, CodProduto, Quantidade, Preco) values (789, 264, 167, 122, 3237.09);
insert into ComprasItens (CodCompraItem, CodCompra, CodProduto, Quantidade, Preco) values (790, 278, 69, 127, 3206.69);
insert into ComprasItens (CodCompraItem, CodCompra, CodProduto, Quantidade, Preco) values (791, 230, 349, 168, 2468.09);
insert into ComprasItens (CodCompraItem, CodCompra, CodProduto, Quantidade, Preco) values (792, 156, 317, 76, 2364.45);
insert into ComprasItens (CodCompraItem, CodCompra, CodProduto, Quantidade, Preco) values (793, 239, 17, 183, 5113.28);
insert into ComprasItens (CodCompraItem, CodCompra, CodProduto, Quantidade, Preco) values (794, 26, 298, 60, 2622.87);
insert into ComprasItens (CodCompraItem, CodCompra, CodProduto, Quantidade, Preco) values (795, 253, 301, 103, 482.72);
insert into ComprasItens (CodCompraItem, CodCompra, CodProduto, Quantidade, Preco) values (796, 252, 71, 88, 1943.62);
insert into ComprasItens (CodCompraItem, CodCompra, CodProduto, Quantidade, Preco) values (797, 145, 196, 64, 357.96);
insert into ComprasItens (CodCompraItem, CodCompra, CodProduto, Quantidade, Preco) values (798, 222, 10, 57, 1072.51);
insert into ComprasItens (CodCompraItem, CodCompra, CodProduto, Quantidade, Preco) values (799, 231, 145, 102, 605.30);
insert into ComprasItens (CodCompraItem, CodCompra, CodProduto, Quantidade, Preco) values (800, 296, 147, 127, 3888.18);
insert into ComprasItens (CodCompraItem, CodCompra, CodProduto, Quantidade, Preco) values (801, 38, 188, 92, 1386.73);
insert into ComprasItens (CodCompraItem, CodCompra, CodProduto, Quantidade, Preco) values (802, 208, 262, 120, 158.76);
insert into ComprasItens (CodCompraItem, CodCompra, CodProduto, Quantidade, Preco) values (803, 194, 231, 64, 1856.10);
insert into ComprasItens (CodCompraItem, CodCompra, CodProduto, Quantidade, Preco) values (804, 188, 88, 6, 36.69);
insert into ComprasItens (CodCompraItem, CodCompra, CodProduto, Quantidade, Preco) values (805, 76, 142, 153, 3080.07);
insert into ComprasItens (CodCompraItem, CodCompra, CodProduto, Quantidade, Preco) values (806, 173, 10, 183, 3443.33);
insert into ComprasItens (CodCompraItem, CodCompra, CodProduto, Quantidade, Preco) values (807, 287, 95, 181, 555.49);
insert into ComprasItens (CodCompraItem, CodCompra, CodProduto, Quantidade, Preco) values (808, 6, 138, 140, 3137.82);
insert into ComprasItens (CodCompraItem, CodCompra, CodProduto, Quantidade, Preco) values (809, 110, 85, 139, 690.55);
insert into ComprasItens (CodCompraItem, CodCompra, CodProduto, Quantidade, Preco) values (810, 160, 324, 111, 2241.76);
insert into ComprasItens (CodCompraItem, CodCompra, CodProduto, Quantidade, Preco) values (811, 200, 339, 9, 276.81);
insert into ComprasItens (CodCompraItem, CodCompra, CodProduto, Quantidade, Preco) values (812, 241, 44, 141, 4055.72);
insert into ComprasItens (CodCompraItem, CodCompra, CodProduto, Quantidade, Preco) values (813, 75, 112, 131, 4583.95);
insert into ComprasItens (CodCompraItem, CodCompra, CodProduto, Quantidade, Preco) values (814, 219, 340, 115, 774.56);
insert into ComprasItens (CodCompraItem, CodCompra, CodProduto, Quantidade, Preco) values (815, 141, 264, 48, 1231.59);
insert into ComprasItens (CodCompraItem, CodCompra, CodProduto, Quantidade, Preco) values (816, 60, 222, 156, 1566.02);
insert into ComprasItens (CodCompraItem, CodCompra, CodProduto, Quantidade, Preco) values (817, 37, 294, 65, 2753.50);
insert into ComprasItens (CodCompraItem, CodCompra, CodProduto, Quantidade, Preco) values (818, 14, 27, 50, 1860.30);
insert into ComprasItens (CodCompraItem, CodCompra, CodProduto, Quantidade, Preco) values (819, 202, 193, 48, 382.31);
insert into ComprasItens (CodCompraItem, CodCompra, CodProduto, Quantidade, Preco) values (820, 82, 212, 118, 1070.07);
insert into ComprasItens (CodCompraItem, CodCompra, CodProduto, Quantidade, Preco) values (821, 170, 89, 98, 233.73);
insert into ComprasItens (CodCompraItem, CodCompra, CodProduto, Quantidade, Preco) values (822, 10, 340, 22, 148.18);
insert into ComprasItens (CodCompraItem, CodCompra, CodProduto, Quantidade, Preco) values (823, 267, 248, 136, 4626.72);
insert into ComprasItens (CodCompraItem, CodCompra, CodProduto, Quantidade, Preco) values (824, 206, 242, 156, 559.35);
insert into ComprasItens (CodCompraItem, CodCompra, CodProduto, Quantidade, Preco) values (825, 118, 181, 83, 1899.12);
insert into ComprasItens (CodCompraItem, CodCompra, CodProduto, Quantidade, Preco) values (826, 94, 68, 74, 1696.30);
insert into ComprasItens (CodCompraItem, CodCompra, CodProduto, Quantidade, Preco) values (827, 121, 68, 114, 2613.22);
insert into ComprasItens (CodCompraItem, CodCompra, CodProduto, Quantidade, Preco) values (828, 294, 140, 148, 92.00);
insert into ComprasItens (CodCompraItem, CodCompra, CodProduto, Quantidade, Preco) values (829, 287, 10, 83, 1561.73);
insert into ComprasItens (CodCompraItem, CodCompra, CodProduto, Quantidade, Preco) values (830, 120, 179, 90, 2253.42);
insert into ComprasItens (CodCompraItem, CodCompra, CodProduto, Quantidade, Preco) values (831, 160, 131, 44, 1438.27);
insert into ComprasItens (CodCompraItem, CodCompra, CodProduto, Quantidade, Preco) values (832, 293, 330, 1, 36.63);
insert into ComprasItens (CodCompraItem, CodCompra, CodProduto, Quantidade, Preco) values (833, 221, 349, 61, 896.15);
insert into ComprasItens (CodCompraItem, CodCompra, CodProduto, Quantidade, Preco) values (834, 49, 206, 107, 3514.95);
insert into ComprasItens (CodCompraItem, CodCompra, CodProduto, Quantidade, Preco) values (835, 293, 194, 200, 2616.48);
insert into ComprasItens (CodCompraItem, CodCompra, CodProduto, Quantidade, Preco) values (836, 272, 7, 63, 465.39);
insert into ComprasItens (CodCompraItem, CodCompra, CodProduto, Quantidade, Preco) values (837, 31, 153, 155, 755.81);
insert into ComprasItens (CodCompraItem, CodCompra, CodProduto, Quantidade, Preco) values (838, 269, 244, 137, 4851.07);
insert into ComprasItens (CodCompraItem, CodCompra, CodProduto, Quantidade, Preco) values (839, 31, 204, 155, 520.47);
insert into ComprasItens (CodCompraItem, CodCompra, CodProduto, Quantidade, Preco) values (840, 42, 57, 23, 31.30);
insert into ComprasItens (CodCompraItem, CodCompra, CodProduto, Quantidade, Preco) values (841, 64, 98, 136, 1747.75);
insert into ComprasItens (CodCompraItem, CodCompra, CodProduto, Quantidade, Preco) values (842, 178, 338, 182, 1889.27);
insert into ComprasItens (CodCompraItem, CodCompra, CodProduto, Quantidade, Preco) values (843, 265, 147, 110, 3367.72);
insert into ComprasItens (CodCompraItem, CodCompra, CodProduto, Quantidade, Preco) values (844, 132, 194, 20, 261.65);
insert into ComprasItens (CodCompraItem, CodCompra, CodProduto, Quantidade, Preco) values (845, 54, 276, 15, 354.33);
insert into ComprasItens (CodCompraItem, CodCompra, CodProduto, Quantidade, Preco) values (846, 240, 175, 151, 5316.41);
insert into ComprasItens (CodCompraItem, CodCompra, CodProduto, Quantidade, Preco) values (847, 241, 95, 169, 518.66);
insert into ComprasItens (CodCompraItem, CodCompra, CodProduto, Quantidade, Preco) values (848, 88, 339, 3, 92.27);
insert into ComprasItens (CodCompraItem, CodCompra, CodProduto, Quantidade, Preco) values (849, 95, 246, 51, 1457.33);
insert into ComprasItens (CodCompraItem, CodCompra, CodProduto, Quantidade, Preco) values (850, 78, 316, 196, 506.09);
insert into ComprasItens (CodCompraItem, CodCompra, CodProduto, Quantidade, Preco) values (851, 194, 86, 43, 1532.64);
insert into ComprasItens (CodCompraItem, CodCompra, CodProduto, Quantidade, Preco) values (852, 34, 295, 141, 4705.96);
insert into ComprasItens (CodCompraItem, CodCompra, CodProduto, Quantidade, Preco) values (853, 146, 159, 82, 3228.65);
insert into ComprasItens (CodCompraItem, CodCompra, CodProduto, Quantidade, Preco) values (854, 245, 177, 200, 6499.92);
insert into ComprasItens (CodCompraItem, CodCompra, CodProduto, Quantidade, Preco) values (855, 151, 84, 162, 1401.72);
insert into ComprasItens (CodCompraItem, CodCompra, CodProduto, Quantidade, Preco) values (856, 153, 285, 51, 599.64);
insert into ComprasItens (CodCompraItem, CodCompra, CodProduto, Quantidade, Preco) values (857, 265, 56, 39, 202.32);
insert into ComprasItens (CodCompraItem, CodCompra, CodProduto, Quantidade, Preco) values (858, 289, 296, 56, 1397.96);
insert into ComprasItens (CodCompraItem, CodCompra, CodProduto, Quantidade, Preco) values (859, 88, 139, 106, 2335.14);
insert into ComprasItens (CodCompraItem, CodCompra, CodProduto, Quantidade, Preco) values (860, 211, 240, 86, 167.18);
insert into ComprasItens (CodCompraItem, CodCompra, CodProduto, Quantidade, Preco) values (861, 287, 89, 86, 205.11);
insert into ComprasItens (CodCompraItem, CodCompra, CodProduto, Quantidade, Preco) values (862, 259, 45, 117, 3808.35);
insert into ComprasItens (CodCompraItem, CodCompra, CodProduto, Quantidade, Preco) values (863, 228, 257, 17, 360.65);
insert into ComprasItens (CodCompraItem, CodCompra, CodProduto, Quantidade, Preco) values (864, 106, 214, 31, 125.57);
insert into ComprasItens (CodCompraItem, CodCompra, CodProduto, Quantidade, Preco) values (865, 75, 218, 78, 1681.71);
insert into ComprasItens (CodCompraItem, CodCompra, CodProduto, Quantidade, Preco) values (866, 215, 227, 165, 3870.06);
insert into ComprasItens (CodCompraItem, CodCompra, CodProduto, Quantidade, Preco) values (867, 32, 239, 148, 5822.22);
insert into ComprasItens (CodCompraItem, CodCompra, CodProduto, Quantidade, Preco) values (868, 142, 144, 167, 1275.85);
insert into ComprasItens (CodCompraItem, CodCompra, CodProduto, Quantidade, Preco) values (869, 30, 68, 39, 894.00);
insert into ComprasItens (CodCompraItem, CodCompra, CodProduto, Quantidade, Preco) values (870, 177, 18, 132, 813.07);
insert into ComprasItens (CodCompraItem, CodCompra, CodProduto, Quantidade, Preco) values (871, 215, 15, 149, 209.73);
insert into ComprasItens (CodCompraItem, CodCompra, CodProduto, Quantidade, Preco) values (872, 44, 78, 12, 91.26);
insert into ComprasItens (CodCompraItem, CodCompra, CodProduto, Quantidade, Preco) values (873, 23, 165, 184, 4773.70);
insert into ComprasItens (CodCompraItem, CodCompra, CodProduto, Quantidade, Preco) values (874, 126, 160, 133, 2157.79);
insert into ComprasItens (CodCompraItem, CodCompra, CodProduto, Quantidade, Preco) values (875, 142, 330, 129, 4725.04);
insert into ComprasItens (CodCompraItem, CodCompra, CodProduto, Quantidade, Preco) values (876, 185, 162, 19, 734.64);
insert into ComprasItens (CodCompraItem, CodCompra, CodProduto, Quantidade, Preco) values (877, 27, 81, 103, 2226.81);
insert into ComprasItens (CodCompraItem, CodCompra, CodProduto, Quantidade, Preco) values (878, 291, 160, 194, 3147.46);
insert into ComprasItens (CodCompraItem, CodCompra, CodProduto, Quantidade, Preco) values (879, 194, 246, 110, 3143.25);
insert into ComprasItens (CodCompraItem, CodCompra, CodProduto, Quantidade, Preco) values (880, 166, 236, 145, 368.36);
insert into ComprasItens (CodCompraItem, CodCompra, CodProduto, Quantidade, Preco) values (881, 121, 300, 160, 908.21);
insert into ComprasItens (CodCompraItem, CodCompra, CodProduto, Quantidade, Preco) values (882, 275, 230, 45, 715.51);
insert into ComprasItens (CodCompraItem, CodCompra, CodProduto, Quantidade, Preco) values (883, 266, 8, 45, 293.71);
insert into ComprasItens (CodCompraItem, CodCompra, CodProduto, Quantidade, Preco) values (884, 103, 136, 1, 13.04);
insert into ComprasItens (CodCompraItem, CodCompra, CodProduto, Quantidade, Preco) values (885, 53, 67, 60, 1554.77);
insert into ComprasItens (CodCompraItem, CodCompra, CodProduto, Quantidade, Preco) values (886, 94, 310, 198, 5516.00);
insert into ComprasItens (CodCompraItem, CodCompra, CodProduto, Quantidade, Preco) values (887, 220, 107, 133, 3693.14);
insert into ComprasItens (CodCompraItem, CodCompra, CodProduto, Quantidade, Preco) values (888, 159, 196, 54, 302.03);
insert into ComprasItens (CodCompraItem, CodCompra, CodProduto, Quantidade, Preco) values (889, 135, 168, 159, 2727.63);
insert into ComprasItens (CodCompraItem, CodCompra, CodProduto, Quantidade, Preco) values (890, 219, 282, 137, 4071.00);
insert into ComprasItens (CodCompraItem, CodCompra, CodProduto, Quantidade, Preco) values (891, 8, 216, 93, 4013.58);
insert into ComprasItens (CodCompraItem, CodCompra, CodProduto, Quantidade, Preco) values (892, 161, 73, 88, 2394.06);
insert into ComprasItens (CodCompraItem, CodCompra, CodProduto, Quantidade, Preco) values (893, 282, 143, 57, 964.78);
insert into ComprasItens (CodCompraItem, CodCompra, CodProduto, Quantidade, Preco) values (894, 223, 60, 125, 1321.88);
insert into ComprasItens (CodCompraItem, CodCompra, CodProduto, Quantidade, Preco) values (895, 114, 239, 142, 5586.18);
insert into ComprasItens (CodCompraItem, CodCompra, CodProduto, Quantidade, Preco) values (896, 13, 81, 166, 3588.84);
insert into ComprasItens (CodCompraItem, CodCompra, CodProduto, Quantidade, Preco) values (897, 28, 125, 49, 1187.52);
insert into ComprasItens (CodCompraItem, CodCompra, CodProduto, Quantidade, Preco) values (898, 219, 348, 116, 2912.76);
insert into ComprasItens (CodCompraItem, CodCompra, CodProduto, Quantidade, Preco) values (899, 93, 317, 35, 1088.89);
insert into ComprasItens (CodCompraItem, CodCompra, CodProduto, Quantidade, Preco) values (900, 241, 212, 92, 834.29);
insert into ComprasItens (CodCompraItem, CodCompra, CodProduto, Quantidade, Preco) values (901, 174, 171, 81, 2600.73);
insert into ComprasItens (CodCompraItem, CodCompra, CodProduto, Quantidade, Preco) values (902, 135, 42, 161, 2280.34);
insert into ComprasItens (CodCompraItem, CodCompra, CodProduto, Quantidade, Preco) values (903, 223, 90, 68, 1377.20);
insert into ComprasItens (CodCompraItem, CodCompra, CodProduto, Quantidade, Preco) values (904, 64, 226, 82, 876.35);
insert into ComprasItens (CodCompraItem, CodCompra, CodProduto, Quantidade, Preco) values (905, 82, 43, 110, 4020.59);
insert into ComprasItens (CodCompraItem, CodCompra, CodProduto, Quantidade, Preco) values (906, 278, 39, 178, 5149.47);
insert into ComprasItens (CodCompraItem, CodCompra, CodProduto, Quantidade, Preco) values (907, 220, 309, 52, 824.99);
insert into ComprasItens (CodCompraItem, CodCompra, CodProduto, Quantidade, Preco) values (908, 149, 119, 67, 16.88);
insert into ComprasItens (CodCompraItem, CodCompra, CodProduto, Quantidade, Preco) values (909, 42, 142, 80, 1610.50);
insert into ComprasItens (CodCompraItem, CodCompra, CodProduto, Quantidade, Preco) values (910, 66, 13, 198, 1191.80);
insert into ComprasItens (CodCompraItem, CodCompra, CodProduto, Quantidade, Preco) values (911, 249, 285, 193, 2269.22);
insert into ComprasItens (CodCompraItem, CodCompra, CodProduto, Quantidade, Preco) values (912, 144, 181, 41, 938.12);
insert into ComprasItens (CodCompraItem, CodCompra, CodProduto, Quantidade, Preco) values (913, 126, 219, 177, 3004.08);
insert into ComprasItens (CodCompraItem, CodCompra, CodProduto, Quantidade, Preco) values (914, 38, 76, 27, 907.72);
insert into ComprasItens (CodCompraItem, CodCompra, CodProduto, Quantidade, Preco) values (915, 156, 161, 103, 1562.30);
insert into ComprasItens (CodCompraItem, CodCompra, CodProduto, Quantidade, Preco) values (916, 33, 6, 141, 2024.22);
insert into ComprasItens (CodCompraItem, CodCompra, CodProduto, Quantidade, Preco) values (917, 82, 115, 132, 2109.06);
insert into ComprasItens (CodCompraItem, CodCompra, CodProduto, Quantidade, Preco) values (918, 139, 186, 161, 5738.47);
insert into ComprasItens (CodCompraItem, CodCompra, CodProduto, Quantidade, Preco) values (919, 82, 18, 138, 850.02);
insert into ComprasItens (CodCompraItem, CodCompra, CodProduto, Quantidade, Preco) values (920, 111, 208, 101, 376.02);
insert into ComprasItens (CodCompraItem, CodCompra, CodProduto, Quantidade, Preco) values (921, 116, 88, 46, 281.27);
insert into ComprasItens (CodCompraItem, CodCompra, CodProduto, Quantidade, Preco) values (922, 290, 102, 194, 165.99);
insert into ComprasItens (CodCompraItem, CodCompra, CodProduto, Quantidade, Preco) values (923, 35, 52, 176, 3946.80);
insert into ComprasItens (CodCompraItem, CodCompra, CodProduto, Quantidade, Preco) values (924, 200, 62, 55, 1233.54);
insert into ComprasItens (CodCompraItem, CodCompra, CodProduto, Quantidade, Preco) values (925, 250, 29, 97, 2837.25);
insert into ComprasItens (CodCompraItem, CodCompra, CodProduto, Quantidade, Preco) values (926, 193, 108, 139, 1368.93);
insert into ComprasItens (CodCompraItem, CodCompra, CodProduto, Quantidade, Preco) values (927, 139, 28, 55, 63.71);
insert into ComprasItens (CodCompraItem, CodCompra, CodProduto, Quantidade, Preco) values (928, 114, 269, 90, 3026.70);
insert into ComprasItens (CodCompraItem, CodCompra, CodProduto, Quantidade, Preco) values (929, 10, 140, 18, 11.19);
insert into ComprasItens (CodCompraItem, CodCompra, CodProduto, Quantidade, Preco) values (930, 198, 155, 75, 491.45);
insert into ComprasItens (CodCompraItem, CodCompra, CodProduto, Quantidade, Preco) values (931, 102, 218, 114, 2457.89);
insert into ComprasItens (CodCompraItem, CodCompra, CodProduto, Quantidade, Preco) values (932, 148, 48, 77, 2637.14);
insert into ComprasItens (CodCompraItem, CodCompra, CodProduto, Quantidade, Preco) values (933, 175, 81, 34, 735.06);
insert into ComprasItens (CodCompraItem, CodCompra, CodProduto, Quantidade, Preco) values (934, 209, 6, 127, 1823.24);
insert into ComprasItens (CodCompraItem, CodCompra, CodProduto, Quantidade, Preco) values (935, 103, 118, 39, 1226.86);
insert into ComprasItens (CodCompraItem, CodCompra, CodProduto, Quantidade, Preco) values (936, 37, 210, 151, 4453.17);
insert into ComprasItens (CodCompraItem, CodCompra, CodProduto, Quantidade, Preco) values (937, 233, 132, 33, 1503.26);
insert into ComprasItens (CodCompraItem, CodCompra, CodProduto, Quantidade, Preco) values (938, 17, 204, 163, 547.34);
insert into ComprasItens (CodCompraItem, CodCompra, CodProduto, Quantidade, Preco) values (939, 72, 54, 35, 468.06);
insert into ComprasItens (CodCompraItem, CodCompra, CodProduto, Quantidade, Preco) values (940, 285, 66, 72, 816.22);
insert into ComprasItens (CodCompraItem, CodCompra, CodProduto, Quantidade, Preco) values (941, 2, 86, 170, 6059.26);
insert into ComprasItens (CodCompraItem, CodCompra, CodProduto, Quantidade, Preco) values (942, 276, 99, 132, 3445.16);
insert into ComprasItens (CodCompraItem, CodCompra, CodProduto, Quantidade, Preco) values (943, 40, 348, 60, 1506.60);
insert into ComprasItens (CodCompraItem, CodCompra, CodProduto, Quantidade, Preco) values (944, 274, 172, 44, 359.81);
insert into ComprasItens (CodCompraItem, CodCompra, CodProduto, Quantidade, Preco) values (945, 217, 241, 126, 4583.93);
insert into ComprasItens (CodCompraItem, CodCompra, CodProduto, Quantidade, Preco) values (946, 298, 35, 15, 101.57);
insert into ComprasItens (CodCompraItem, CodCompra, CodProduto, Quantidade, Preco) values (947, 113, 174, 89, 47.66);
insert into ComprasItens (CodCompraItem, CodCompra, CodProduto, Quantidade, Preco) values (948, 295, 318, 184, 4948.96);
insert into ComprasItens (CodCompraItem, CodCompra, CodProduto, Quantidade, Preco) values (949, 267, 147, 194, 5939.43);
insert into ComprasItens (CodCompraItem, CodCompra, CodProduto, Quantidade, Preco) values (950, 51, 125, 15, 363.53);
insert into ComprasItens (CodCompraItem, CodCompra, CodProduto, Quantidade, Preco) values (951, 244, 134, 121, 5259.36);
insert into ComprasItens (CodCompraItem, CodCompra, CodProduto, Quantidade, Preco) values (952, 8, 146, 56, 1915.64);
insert into ComprasItens (CodCompraItem, CodCompra, CodProduto, Quantidade, Preco) values (953, 127, 78, 185, 1406.93);
insert into ComprasItens (CodCompraItem, CodCompra, CodProduto, Quantidade, Preco) values (954, 211, 233, 16, 471.55);
insert into ComprasItens (CodCompraItem, CodCompra, CodProduto, Quantidade, Preco) values (955, 226, 207, 19, 848.16);
insert into ComprasItens (CodCompraItem, CodCompra, CodProduto, Quantidade, Preco) values (956, 274, 126, 54, 476.28);
insert into ComprasItens (CodCompraItem, CodCompra, CodProduto, Quantidade, Preco) values (957, 286, 194, 180, 2354.83);
insert into ComprasItens (CodCompraItem, CodCompra, CodProduto, Quantidade, Preco) values (958, 86, 122, 54, 1114.64);
insert into ComprasItens (CodCompraItem, CodCompra, CodProduto, Quantidade, Preco) values (959, 51, 316, 155, 400.23);
insert into ComprasItens (CodCompraItem, CodCompra, CodProduto, Quantidade, Preco) values (960, 205, 40, 120, 5011.20);
insert into ComprasItens (CodCompraItem, CodCompra, CodProduto, Quantidade, Preco) values (961, 209, 13, 62, 373.19);
insert into ComprasItens (CodCompraItem, CodCompra, CodProduto, Quantidade, Preco) values (962, 186, 139, 167, 3678.94);
insert into ComprasItens (CodCompraItem, CodCompra, CodProduto, Quantidade, Preco) values (963, 262, 279, 200, 3827.88);
insert into ComprasItens (CodCompraItem, CodCompra, CodProduto, Quantidade, Preco) values (964, 199, 55, 49, 1701.91);
insert into ComprasItens (CodCompraItem, CodCompra, CodProduto, Quantidade, Preco) values (965, 158, 225, 197, 1499.72);
insert into ComprasItens (CodCompraItem, CodCompra, CodProduto, Quantidade, Preco) values (966, 108, 345, 169, 5741.52);
insert into ComprasItens (CodCompraItem, CodCompra, CodProduto, Quantidade, Preco) values (967, 75, 18, 12, 73.92);
insert into ComprasItens (CodCompraItem, CodCompra, CodProduto, Quantidade, Preco) values (968, 277, 49, 9, 166.44);
insert into ComprasItens (CodCompraItem, CodCompra, CodProduto, Quantidade, Preco) values (969, 144, 78, 75, 570.38);
insert into ComprasItens (CodCompraItem, CodCompra, CodProduto, Quantidade, Preco) values (970, 280, 197, 91, 2440.62);
insert into ComprasItens (CodCompraItem, CodCompra, CodProduto, Quantidade, Preco) values (971, 73, 267, 93, 2146.49);
insert into ComprasItens (CodCompraItem, CodCompra, CodProduto, Quantidade, Preco) values (972, 267, 314, 199, 4876.00);
insert into ComprasItens (CodCompraItem, CodCompra, CodProduto, Quantidade, Preco) values (973, 28, 107, 186, 5164.85);
insert into ComprasItens (CodCompraItem, CodCompra, CodProduto, Quantidade, Preco) values (974, 283, 157, 30, 311.17);
insert into ComprasItens (CodCompraItem, CodCompra, CodProduto, Quantidade, Preco) values (975, 288, 337, 23, 6.21);
insert into ComprasItens (CodCompraItem, CodCompra, CodProduto, Quantidade, Preco) values (976, 196, 211, 178, 3706.07);
insert into ComprasItens (CodCompraItem, CodCompra, CodProduto, Quantidade, Preco) values (977, 227, 271, 30, 1151.82);
insert into ComprasItens (CodCompraItem, CodCompra, CodProduto, Quantidade, Preco) values (978, 5, 315, 44, 106.13);
insert into ComprasItens (CodCompraItem, CodCompra, CodProduto, Quantidade, Preco) values (979, 289, 323, 59, 1709.08);
insert into ComprasItens (CodCompraItem, CodCompra, CodProduto, Quantidade, Preco) values (980, 106, 167, 78, 2069.61);
insert into ComprasItens (CodCompraItem, CodCompra, CodProduto, Quantidade, Preco) values (981, 30, 87, 126, 4852.92);
insert into ComprasItens (CodCompraItem, CodCompra, CodProduto, Quantidade, Preco) values (982, 85, 270, 16, 641.78);
insert into ComprasItens (CodCompraItem, CodCompra, CodProduto, Quantidade, Preco) values (983, 95, 38, 26, 172.67);
insert into ComprasItens (CodCompraItem, CodCompra, CodProduto, Quantidade, Preco) values (984, 31, 63, 113, 3652.93);
insert into ComprasItens (CodCompraItem, CodCompra, CodProduto, Quantidade, Preco) values (985, 201, 260, 115, 718.46);
insert into ComprasItens (CodCompraItem, CodCompra, CodProduto, Quantidade, Preco) values (986, 164, 94, 34, 903.80);
insert into ComprasItens (CodCompraItem, CodCompra, CodProduto, Quantidade, Preco) values (987, 275, 234, 139, 4363.91);
insert into ComprasItens (CodCompraItem, CodCompra, CodProduto, Quantidade, Preco) values (988, 239, 222, 71, 712.74);
insert into ComprasItens (CodCompraItem, CodCompra, CodProduto, Quantidade, Preco) values (989, 90, 297, 16, 299.39);
insert into ComprasItens (CodCompraItem, CodCompra, CodProduto, Quantidade, Preco) values (990, 216, 131, 200, 6537.60);
insert into ComprasItens (CodCompraItem, CodCompra, CodProduto, Quantidade, Preco) values (991, 239, 170, 24, 420.94);
insert into ComprasItens (CodCompraItem, CodCompra, CodProduto, Quantidade, Preco) values (992, 249, 255, 168, 2104.10);
insert into ComprasItens (CodCompraItem, CodCompra, CodProduto, Quantidade, Preco) values (993, 297, 198, 151, 1329.37);
insert into ComprasItens (CodCompraItem, CodCompra, CodProduto, Quantidade, Preco) values (994, 166, 342, 134, 5356.45);
insert into ComprasItens (CodCompraItem, CodCompra, CodProduto, Quantidade, Preco) values (995, 33, 309, 167, 2649.49);
insert into ComprasItens (CodCompraItem, CodCompra, CodProduto, Quantidade, Preco) values (996, 41, 347, 56, 803.02);
insert into ComprasItens (CodCompraItem, CodCompra, CodProduto, Quantidade, Preco) values (997, 257, 95, 176, 540.14);
insert into ComprasItens (CodCompraItem, CodCompra, CodProduto, Quantidade, Preco) values (998, 247, 285, 198, 2328.00);
insert into ComprasItens (CodCompraItem, CodCompra, CodProduto, Quantidade, Preco) values (999, 103, 180, 165, 2784.08);
insert into ComprasItens (CodCompraItem, CodCompra, CodProduto, Quantidade, Preco) values (1000, 83, 270, 187, 7500.85);
insert into ComprasItens (CodCompraItem, CodCompra, CodProduto, Quantidade, Preco) values (1001, 24, 21, 127, 3943.35);
insert into ComprasItens (CodCompraItem, CodCompra, CodProduto, Quantidade, Preco) values (1002, 74, 187, 183, 4853.54);
insert into ComprasItens (CodCompraItem, CodCompra, CodProduto, Quantidade, Preco) values (1003, 293, 136, 167, 2177.85);
insert into ComprasItens (CodCompraItem, CodCompra, CodProduto, Quantidade, Preco) values (1004, 269, 236, 102, 259.12);
insert into ComprasItens (CodCompraItem, CodCompra, CodProduto, Quantidade, Preco) values (1005, 230, 337, 152, 41.04);
insert into ComprasItens (CodCompraItem, CodCompra, CodProduto, Quantidade, Preco) values (1006, 117, 140, 97, 60.30);
insert into ComprasItens (CodCompraItem, CodCompra, CodProduto, Quantidade, Preco) values (1007, 244, 10, 122, 2295.55);
insert into ComprasItens (CodCompraItem, CodCompra, CodProduto, Quantidade, Preco) values (1008, 198, 193, 46, 366.38);
insert into ComprasItens (CodCompraItem, CodCompra, CodProduto, Quantidade, Preco) values (1009, 96, 29, 64, 1872.00);
insert into ComprasItens (CodCompraItem, CodCompra, CodProduto, Quantidade, Preco) values (1010, 242, 320, 98, 1611.50);
insert into ComprasItens (CodCompraItem, CodCompra, CodProduto, Quantidade, Preco) values (1011, 116, 40, 152, 6347.52);
insert into ComprasItens (CodCompraItem, CodCompra, CodProduto, Quantidade, Preco) values (1012, 173, 307, 195, 6327.95);
insert into ComprasItens (CodCompraItem, CodCompra, CodProduto, Quantidade, Preco) values (1013, 22, 226, 139, 1485.52);
insert into ComprasItens (CodCompraItem, CodCompra, CodProduto, Quantidade, Preco) values (1014, 70, 212, 195, 1768.34);
insert into ComprasItens (CodCompraItem, CodCompra, CodProduto, Quantidade, Preco) values (1015, 152, 19, 2, 53.75);
insert into ComprasItens (CodCompraItem, CodCompra, CodProduto, Quantidade, Preco) values (1016, 75, 144, 145, 1107.77);
insert into ComprasItens (CodCompraItem, CodCompra, CodProduto, Quantidade, Preco) values (1017, 32, 169, 195, 3555.10);
insert into ComprasItens (CodCompraItem, CodCompra, CodProduto, Quantidade, Preco) values (1018, 287, 101, 87, 2815.12);
insert into ComprasItens (CodCompraItem, CodCompra, CodProduto, Quantidade, Preco) values (1019, 168, 338, 168, 1743.94);
insert into ComprasItens (CodCompraItem, CodCompra, CodProduto, Quantidade, Preco) values (1020, 36, 347, 166, 2380.39);
insert into ComprasItens (CodCompraItem, CodCompra, CodProduto, Quantidade, Preco) values (1021, 278, 64, 109, 1470.45);
insert into ComprasItens (CodCompraItem, CodCompra, CodProduto, Quantidade, Preco) values (1022, 244, 145, 14, 83.08);
insert into ComprasItens (CodCompraItem, CodCompra, CodProduto, Quantidade, Preco) values (1023, 191, 265, 99, 1469.97);
insert into ComprasItens (CodCompraItem, CodCompra, CodProduto, Quantidade, Preco) values (1024, 268, 129, 23, 510.49);
insert into ComprasItens (CodCompraItem, CodCompra, CodProduto, Quantidade, Preco) values (1025, 282, 162, 194, 7501.11);
insert into ComprasItens (CodCompraItem, CodCompra, CodProduto, Quantidade, Preco) values (1026, 244, 210, 84, 2477.26);
insert into ComprasItens (CodCompraItem, CodCompra, CodProduto, Quantidade, Preco) values (1027, 166, 347, 150, 2150.96);
insert into ComprasItens (CodCompraItem, CodCompra, CodProduto, Quantidade, Preco) values (1028, 260, 323, 38, 1100.76);
insert into ComprasItens (CodCompraItem, CodCompra, CodProduto, Quantidade, Preco) values (1029, 194, 149, 158, 1803.66);
insert into ComprasItens (CodCompraItem, CodCompra, CodProduto, Quantidade, Preco) values (1030, 84, 275, 178, 280.67);
insert into ComprasItens (CodCompraItem, CodCompra, CodProduto, Quantidade, Preco) values (1031, 226, 133, 75, 2793.38);
insert into ComprasItens (CodCompraItem, CodCompra, CodProduto, Quantidade, Preco) values (1032, 53, 191, 81, 2242.21);
insert into ComprasItens (CodCompraItem, CodCompra, CodProduto, Quantidade, Preco) values (1033, 52, 110, 187, 1870.26);
insert into ComprasItens (CodCompraItem, CodCompra, CodProduto, Quantidade, Preco) values (1034, 286, 166, 19, 53.11);
insert into ComprasItens (CodCompraItem, CodCompra, CodProduto, Quantidade, Preco) values (1035, 88, 255, 42, 526.02);
insert into ComprasItens (CodCompraItem, CodCompra, CodProduto, Quantidade, Preco) values (1036, 138, 273, 43, 958.83);
insert into ComprasItens (CodCompraItem, CodCompra, CodProduto, Quantidade, Preco) values (1037, 66, 183, 43, 572.73);
insert into ComprasItens (CodCompraItem, CodCompra, CodProduto, Quantidade, Preco) values (1038, 242, 246, 180, 5143.50);
insert into ComprasItens (CodCompraItem, CodCompra, CodProduto, Quantidade, Preco) values (1039, 208, 86, 31, 1104.92);
insert into ComprasItens (CodCompraItem, CodCompra, CodProduto, Quantidade, Preco) values (1040, 283, 223, 113, 2530.50);
insert into ComprasItens (CodCompraItem, CodCompra, CodProduto, Quantidade, Preco) values (1041, 110, 130, 73, 1934.54);
insert into ComprasItens (CodCompraItem, CodCompra, CodProduto, Quantidade, Preco) values (1042, 93, 343, 108, 3892.86);
insert into ComprasItens (CodCompraItem, CodCompra, CodProduto, Quantidade, Preco) values (1043, 214, 312, 145, 2318.68);
insert into ComprasItens (CodCompraItem, CodCompra, CodProduto, Quantidade, Preco) values (1044, 148, 304, 97, 1227.53);
insert into ComprasItens (CodCompraItem, CodCompra, CodProduto, Quantidade, Preco) values (1045, 201, 287, 161, 811.44);
insert into ComprasItens (CodCompraItem, CodCompra, CodProduto, Quantidade, Preco) values (1046, 292, 25, 35, 80.70);
insert into ComprasItens (CodCompraItem, CodCompra, CodProduto, Quantidade, Preco) values (1047, 190, 322, 116, 4075.95);
insert into ComprasItens (CodCompraItem, CodCompra, CodProduto, Quantidade, Preco) values (1048, 33, 334, 26, 499.64);
insert into ComprasItens (CodCompraItem, CodCompra, CodProduto, Quantidade, Preco) values (1049, 34, 132, 75, 3416.49);
insert into ComprasItens (CodCompraItem, CodCompra, CodProduto, Quantidade, Preco) values (1050, 51, 190, 55, 1513.71);
insert into ComprasItens (CodCompraItem, CodCompra, CodProduto, Quantidade, Preco) values (1051, 141, 7, 143, 1056.37);
insert into ComprasItens (CodCompraItem, CodCompra, CodProduto, Quantidade, Preco) values (1052, 66, 222, 116, 1164.48);
insert into ComprasItens (CodCompraItem, CodCompra, CodProduto, Quantidade, Preco) values (1053, 153, 243, 63, 2778.30);
insert into ComprasItens (CodCompraItem, CodCompra, CodProduto, Quantidade, Preco) values (1054, 258, 146, 172, 5883.74);
insert into ComprasItens (CodCompraItem, CodCompra, CodProduto, Quantidade, Preco) values (1055, 191, 115, 191, 3051.74);
insert into ComprasItens (CodCompraItem, CodCompra, CodProduto, Quantidade, Preco) values (1056, 133, 228, 46, 966.83);
insert into ComprasItens (CodCompraItem, CodCompra, CodProduto, Quantidade, Preco) values (1057, 210, 297, 34, 636.19);
insert into ComprasItens (CodCompraItem, CodCompra, CodProduto, Quantidade, Preco) values (1058, 94, 36, 20, 777.35);
insert into ComprasItens (CodCompraItem, CodCompra, CodProduto, Quantidade, Preco) values (1059, 14, 315, 134, 323.21);
insert into ComprasItens (CodCompraItem, CodCompra, CodProduto, Quantidade, Preco) values (1060, 264, 340, 171, 1151.74);
insert into ComprasItens (CodCompraItem, CodCompra, CodProduto, Quantidade, Preco) values (1061, 7, 275, 42, 66.23);
insert into ComprasItens (CodCompraItem, CodCompra, CodProduto, Quantidade, Preco) values (1062, 147, 276, 59, 1393.70);
insert into ComprasItens (CodCompraItem, CodCompra, CodProduto, Quantidade, Preco) values (1063, 43, 124, 123, 2438.35);
insert into ComprasItens (CodCompraItem, CodCompra, CodProduto, Quantidade, Preco) values (1064, 264, 61, 131, 2842.33);
insert into ComprasItens (CodCompraItem, CodCompra, CodProduto, Quantidade, Preco) values (1065, 145, 240, 123, 239.11);
insert into ComprasItens (CodCompraItem, CodCompra, CodProduto, Quantidade, Preco) values (1066, 285, 31, 86, 802.48);
insert into ComprasItens (CodCompraItem, CodCompra, CodProduto, Quantidade, Preco) values (1067, 278, 161, 174, 2639.23);
insert into ComprasItens (CodCompraItem, CodCompra, CodProduto, Quantidade, Preco) values (1068, 16, 74, 114, 4.69);
insert into ComprasItens (CodCompraItem, CodCompra, CodProduto, Quantidade, Preco) values (1069, 210, 126, 129, 1137.78);
insert into ComprasItens (CodCompraItem, CodCompra, CodProduto, Quantidade, Preco) values (1070, 231, 284, 88, 228.15);
insert into ComprasItens (CodCompraItem, CodCompra, CodProduto, Quantidade, Preco) values (1071, 223, 51, 149, 6292.78);
insert into ComprasItens (CodCompraItem, CodCompra, CodProduto, Quantidade, Preco) values (1072, 147, 110, 159, 1590.22);
insert into ComprasItens (CodCompraItem, CodCompra, CodProduto, Quantidade, Preco) values (1073, 244, 30, 175, 5803.56);
insert into ComprasItens (CodCompraItem, CodCompra, CodProduto, Quantidade, Preco) values (1074, 207, 133, 199, 7411.76);
insert into ComprasItens (CodCompraItem, CodCompra, CodProduto, Quantidade, Preco) values (1075, 97, 257, 73, 1548.68);
insert into ComprasItens (CodCompraItem, CodCompra, CodProduto, Quantidade, Preco) values (1076, 163, 53, 159, 5114.68);
insert into ComprasItens (CodCompraItem, CodCompra, CodProduto, Quantidade, Preco) values (1077, 263, 316, 161, 415.72);
insert into ComprasItens (CodCompraItem, CodCompra, CodProduto, Quantidade, Preco) values (1078, 265, 268, 178, 1799.69);
insert into ComprasItens (CodCompraItem, CodCompra, CodProduto, Quantidade, Preco) values (1079, 236, 28, 86, 99.61);
insert into ComprasItens (CodCompraItem, CodCompra, CodProduto, Quantidade, Preco) values (1080, 87, 78, 113, 859.37);
insert into ComprasItens (CodCompraItem, CodCompra, CodProduto, Quantidade, Preco) values (1081, 81, 337, 79, 21.33);
insert into ComprasItens (CodCompraItem, CodCompra, CodProduto, Quantidade, Preco) values (1082, 105, 52, 170, 3812.25);
insert into ComprasItens (CodCompraItem, CodCompra, CodProduto, Quantidade, Preco) values (1083, 160, 170, 192, 3367.53);
insert into ComprasItens (CodCompraItem, CodCompra, CodProduto, Quantidade, Preco) values (1084, 67, 87, 98, 3774.49);
insert into ComprasItens (CodCompraItem, CodCompra, CodProduto, Quantidade, Preco) values (1085, 10, 154, 56, 1600.20);
insert into ComprasItens (CodCompraItem, CodCompra, CodProduto, Quantidade, Preco) values (1086, 8, 237, 111, 866.80);
insert into ComprasItens (CodCompraItem, CodCompra, CodProduto, Quantidade, Preco) values (1087, 182, 87, 139, 5353.61);
insert into ComprasItens (CodCompraItem, CodCompra, CodProduto, Quantidade, Preco) values (1088, 277, 250, 30, 173.57);
insert into ComprasItens (CodCompraItem, CodCompra, CodProduto, Quantidade, Preco) values (1089, 39, 88, 102, 623.69);
insert into ComprasItens (CodCompraItem, CodCompra, CodProduto, Quantidade, Preco) values (1090, 156, 48, 6, 205.49);
insert into ComprasItens (CodCompraItem, CodCompra, CodProduto, Quantidade, Preco) values (1091, 210, 55, 4, 138.93);
insert into ComprasItens (CodCompraItem, CodCompra, CodProduto, Quantidade, Preco) values (1092, 4, 278, 62, 1372.96);
insert into ComprasItens (CodCompraItem, CodCompra, CodProduto, Quantidade, Preco) values (1093, 196, 306, 188, 5580.39);
insert into ComprasItens (CodCompraItem, CodCompra, CodProduto, Quantidade, Preco) values (1094, 20, 13, 200, 1203.84);
insert into ComprasItens (CodCompraItem, CodCompra, CodProduto, Quantidade, Preco) values (1095, 263, 124, 156, 3092.54);
insert into ComprasItens (CodCompraItem, CodCompra, CodProduto, Quantidade, Preco) values (1096, 270, 80, 136, 4748.10);
insert into ComprasItens (CodCompraItem, CodCompra, CodProduto, Quantidade, Preco) values (1097, 157, 245, 158, 5878.55);
insert into ComprasItens (CodCompraItem, CodCompra, CodProduto, Quantidade, Preco) values (1098, 94, 29, 2, 58.50);
insert into ComprasItens (CodCompraItem, CodCompra, CodProduto, Quantidade, Preco) values (1099, 71, 219, 57, 967.42);
insert into ComprasItens (CodCompraItem, CodCompra, CodProduto, Quantidade, Preco) values (1100, 1, 113, 148, 778.69);
insert into ComprasItens (CodCompraItem, CodCompra, CodProduto, Quantidade, Preco) values (1101, 5, 310, 199, 5543.86);
insert into ComprasItens (CodCompraItem, CodCompra, CodProduto, Quantidade, Preco) values (1102, 11, 67, 127, 3290.93);
insert into ComprasItens (CodCompraItem, CodCompra, CodProduto, Quantidade, Preco) values (1103, 56, 317, 157, 4884.46);
insert into ComprasItens (CodCompraItem, CodCompra, CodProduto, Quantidade, Preco) values (1104, 3, 340, 159, 1070.91);
insert into ComprasItens (CodCompraItem, CodCompra, CodProduto, Quantidade, Preco) values (1105, 177, 28, 198, 229.34);
insert into ComprasItens (CodCompraItem, CodCompra, CodProduto, Quantidade, Preco) values (1106, 289, 163, 23, 428.87);
insert into ComprasItens (CodCompraItem, CodCompra, CodProduto, Quantidade, Preco) values (1107, 183, 338, 87, 903.11);
insert into ComprasItens (CodCompraItem, CodCompra, CodProduto, Quantidade, Preco) values (1108, 163, 226, 31, 331.30);
insert into ComprasItens (CodCompraItem, CodCompra, CodProduto, Quantidade, Preco) values (1109, 100, 207, 118, 5267.52);
insert into ComprasItens (CodCompraItem, CodCompra, CodProduto, Quantidade, Preco) values (1110, 259, 49, 104, 1923.29);
insert into ComprasItens (CodCompraItem, CodCompra, CodProduto, Quantidade, Preco) values (1111, 103, 131, 10, 326.88);
insert into ComprasItens (CodCompraItem, CodCompra, CodProduto, Quantidade, Preco) values (1112, 238, 161, 117, 1774.66);
insert into ComprasItens (CodCompraItem, CodCompra, CodProduto, Quantidade, Preco) values (1113, 56, 125, 42, 1017.88);
insert into ComprasItens (CodCompraItem, CodCompra, CodProduto, Quantidade, Preco) values (1114, 123, 53, 154, 4953.84);
insert into ComprasItens (CodCompraItem, CodCompra, CodProduto, Quantidade, Preco) values (1115, 8, 141, 198, 3130.38);
insert into ComprasItens (CodCompraItem, CodCompra, CodProduto, Quantidade, Preco) values (1116, 139, 96, 185, 5604.39);
insert into ComprasItens (CodCompraItem, CodCompra, CodProduto, Quantidade, Preco) values (1117, 59, 328, 96, 783.42);
insert into ComprasItens (CodCompraItem, CodCompra, CodProduto, Quantidade, Preco) values (1118, 208, 297, 20, 374.23);
insert into ComprasItens (CodCompraItem, CodCompra, CodProduto, Quantidade, Preco) values (1119, 29, 219, 97, 1646.30);
insert into ComprasItens (CodCompraItem, CodCompra, CodProduto, Quantidade, Preco) values (1120, 109, 276, 107, 2527.55);
insert into ComprasItens (CodCompraItem, CodCompra, CodProduto, Quantidade, Preco) values (1121, 300, 308, 97, 882.78);
insert into ComprasItens (CodCompraItem, CodCompra, CodProduto, Quantidade, Preco) values (1122, 93, 79, 70, 1833.30);
insert into ComprasItens (CodCompraItem, CodCompra, CodProduto, Quantidade, Preco) values (1123, 92, 238, 80, 737.76);
insert into ComprasItens (CodCompraItem, CodCompra, CodProduto, Quantidade, Preco) values (1124, 285, 77, 73, 2067.69);
insert into ComprasItens (CodCompraItem, CodCompra, CodProduto, Quantidade, Preco) values (1125, 265, 160, 106, 1719.74);
insert into ComprasItens (CodCompraItem, CodCompra, CodProduto, Quantidade, Preco) values (1126, 69, 67, 35, 906.95);
insert into ComprasItens (CodCompraItem, CodCompra, CodProduto, Quantidade, Preco) values (1127, 240, 233, 60, 1768.32);
insert into ComprasItens (CodCompraItem, CodCompra, CodProduto, Quantidade, Preco) values (1128, 13, 318, 54, 1452.41);
insert into ComprasItens (CodCompraItem, CodCompra, CodProduto, Quantidade, Preco) values (1129, 3, 208, 191, 711.09);
insert into ComprasItens (CodCompraItem, CodCompra, CodProduto, Quantidade, Preco) values (1130, 241, 292, 25, 737.28);
insert into ComprasItens (CodCompraItem, CodCompra, CodProduto, Quantidade, Preco) values (1131, 31, 192, 26, 61.35);
insert into ComprasItens (CodCompraItem, CodCompra, CodProduto, Quantidade, Preco) values (1132, 6, 332, 86, 553.67);
insert into ComprasItens (CodCompraItem, CodCompra, CodProduto, Quantidade, Preco) values (1133, 94, 236, 57, 144.80);
insert into ComprasItens (CodCompraItem, CodCompra, CodProduto, Quantidade, Preco) values (1134, 18, 215, 168, 3027.12);
insert into ComprasItens (CodCompraItem, CodCompra, CodProduto, Quantidade, Preco) values (1135, 89, 221, 21, 695.82);
insert into ComprasItens (CodCompraItem, CodCompra, CodProduto, Quantidade, Preco) values (1136, 281, 178, 92, 2741.37);
insert into ComprasItens (CodCompraItem, CodCompra, CodProduto, Quantidade, Preco) values (1137, 178, 74, 46, 1.89);
insert into ComprasItens (CodCompraItem, CodCompra, CodProduto, Quantidade, Preco) values (1138, 201, 149, 178, 2031.98);
insert into ComprasItens (CodCompraItem, CodCompra, CodProduto, Quantidade, Preco) values (1139, 15, 216, 137, 5912.48);
insert into ComprasItens (CodCompraItem, CodCompra, CodProduto, Quantidade, Preco) values (1140, 281, 210, 142, 4187.75);
insert into ComprasItens (CodCompraItem, CodCompra, CodProduto, Quantidade, Preco) values (1141, 23, 271, 71, 2725.97);
insert into ComprasItens (CodCompraItem, CodCompra, CodProduto, Quantidade, Preco) values (1142, 88, 24, 18, 95.33);
insert into ComprasItens (CodCompraItem, CodCompra, CodProduto, Quantidade, Preco) values (1143, 4, 35, 104, 704.25);
insert into ComprasItens (CodCompraItem, CodCompra, CodProduto, Quantidade, Preco) values (1144, 259, 146, 159, 5439.04);
insert into ComprasItens (CodCompraItem, CodCompra, CodProduto, Quantidade, Preco) values (1145, 131, 129, 14, 310.73);
insert into ComprasItens (CodCompraItem, CodCompra, CodProduto, Quantidade, Preco) values (1146, 47, 260, 193, 1205.77);
insert into ComprasItens (CodCompraItem, CodCompra, CodProduto, Quantidade, Preco) values (1147, 100, 129, 92, 2041.96);
insert into ComprasItens (CodCompraItem, CodCompra, CodProduto, Quantidade, Preco) values (1148, 128, 4, 130, 287.04);
insert into ComprasItens (CodCompraItem, CodCompra, CodProduto, Quantidade, Preco) values (1149, 168, 36, 62, 2409.78);
insert into ComprasItens (CodCompraItem, CodCompra, CodProduto, Quantidade, Preco) values (1150, 241, 281, 22, 756.04);
insert into ComprasItens (CodCompraItem, CodCompra, CodProduto, Quantidade, Preco) values (1151, 254, 330, 197, 7215.76);
insert into ComprasItens (CodCompraItem, CodCompra, CodProduto, Quantidade, Preco) values (1152, 158, 248, 151, 5137.02);
insert into ComprasItens (CodCompraItem, CodCompra, CodProduto, Quantidade, Preco) values (1153, 279, 195, 133, 1228.32);
insert into ComprasItens (CodCompraItem, CodCompra, CodProduto, Quantidade, Preco) values (1154, 137, 125, 188, 4556.22);
insert into ComprasItens (CodCompraItem, CodCompra, CodProduto, Quantidade, Preco) values (1155, 65, 240, 97, 188.57);
insert into ComprasItens (CodCompraItem, CodCompra, CodProduto, Quantidade, Preco) values (1156, 209, 294, 59, 2499.33);
insert into ComprasItens (CodCompraItem, CodCompra, CodProduto, Quantidade, Preco) values (1157, 214, 334, 198, 3804.93);
insert into ComprasItens (CodCompraItem, CodCompra, CodProduto, Quantidade, Preco) values (1158, 260, 205, 182, 1570.08);
insert into ComprasItens (CodCompraItem, CodCompra, CodProduto, Quantidade, Preco) values (1159, 80, 25, 91, 209.83);
insert into ComprasItens (CodCompraItem, CodCompra, CodProduto, Quantidade, Preco) values (1160, 131, 27, 12, 446.47);
insert into ComprasItens (CodCompraItem, CodCompra, CodProduto, Quantidade, Preco) values (1161, 100, 259, 58, 1636.99);
insert into ComprasItens (CodCompraItem, CodCompra, CodProduto, Quantidade, Preco) values (1162, 112, 348, 147, 3691.17);
insert into ComprasItens (CodCompraItem, CodCompra, CodProduto, Quantidade, Preco) values (1163, 223, 263, 153, 611.76);
insert into ComprasItens (CodCompraItem, CodCompra, CodProduto, Quantidade, Preco) values (1164, 253, 104, 49, 545.58);
insert into ComprasItens (CodCompraItem, CodCompra, CodProduto, Quantidade, Preco) values (1165, 197, 288, 191, 278.71);
insert into ComprasItens (CodCompraItem, CodCompra, CodProduto, Quantidade, Preco) values (1166, 263, 323, 181, 5243.10);
insert into ComprasItens (CodCompraItem, CodCompra, CodProduto, Quantidade, Preco) values (1167, 59, 77, 93, 2634.18);
insert into ComprasItens (CodCompraItem, CodCompra, CodProduto, Quantidade, Preco) values (1168, 64, 166, 146, 408.08);
insert into ComprasItens (CodCompraItem, CodCompra, CodProduto, Quantidade, Preco) values (1169, 112, 6, 170, 2440.55);
insert into ComprasItens (CodCompraItem, CodCompra, CodProduto, Quantidade, Preco) values (1170, 131, 306, 178, 5283.56);
insert into ComprasItens (CodCompraItem, CodCompra, CodProduto, Quantidade, Preco) values (1171, 84, 9, 176, 2574.00);
insert into ComprasItens (CodCompraItem, CodCompra, CodProduto, Quantidade, Preco) values (1172, 134, 94, 42, 1116.46);
insert into ComprasItens (CodCompraItem, CodCompra, CodProduto, Quantidade, Preco) values (1173, 31, 263, 51, 203.92);
insert into ComprasItens (CodCompraItem, CodCompra, CodProduto, Quantidade, Preco) values (1174, 281, 101, 4, 129.43);
insert into ComprasItens (CodCompraItem, CodCompra, CodProduto, Quantidade, Preco) values (1175, 260, 314, 172, 4214.43);
insert into ComprasItens (CodCompraItem, CodCompra, CodProduto, Quantidade, Preco) values (1176, 212, 47, 81, 1305.93);
insert into ComprasItens (CodCompraItem, CodCompra, CodProduto, Quantidade, Preco) values (1177, 17, 227, 55, 1290.02);
insert into ComprasItens (CodCompraItem, CodCompra, CodProduto, Quantidade, Preco) values (1178, 198, 160, 13, 210.91);
insert into ComprasItens (CodCompraItem, CodCompra, CodProduto, Quantidade, Preco) values (1179, 227, 206, 173, 5683.05);
insert into ComprasItens (CodCompraItem, CodCompra, CodProduto, Quantidade, Preco) values (1180, 78, 10, 145, 2728.32);
insert into ComprasItens (CodCompraItem, CodCompra, CodProduto, Quantidade, Preco) values (1181, 63, 160, 151, 2449.82);
insert into ComprasItens (CodCompraItem, CodCompra, CodProduto, Quantidade, Preco) values (1182, 298, 243, 36, 1587.60);
insert into ComprasItens (CodCompraItem, CodCompra, CodProduto, Quantidade, Preco) values (1183, 119, 335, 7, 163.72);
insert into ComprasItens (CodCompraItem, CodCompra, CodProduto, Quantidade, Preco) values (1184, 226, 76, 160, 5379.07);
insert into ComprasItens (CodCompraItem, CodCompra, CodProduto, Quantidade, Preco) values (1185, 25, 326, 58, 874.77);
insert into ComprasItens (CodCompraItem, CodCompra, CodProduto, Quantidade, Preco) values (1186, 39, 43, 184, 6725.35);
insert into ComprasItens (CodCompraItem, CodCompra, CodProduto, Quantidade, Preco) values (1187, 245, 213, 65, 2429.21);
insert into ComprasItens (CodCompraItem, CodCompra, CodProduto, Quantidade, Preco) values (1188, 84, 41, 68, 2007.36);
insert into ComprasItens (CodCompraItem, CodCompra, CodProduto, Quantidade, Preco) values (1189, 202, 156, 123, 3468.30);
insert into ComprasItens (CodCompraItem, CodCompra, CodProduto, Quantidade, Preco) values (1190, 51, 55, 20, 694.66);
insert into ComprasItens (CodCompraItem, CodCompra, CodProduto, Quantidade, Preco) values (1191, 208, 25, 108, 249.03);
insert into ComprasItens (CodCompraItem, CodCompra, CodProduto, Quantidade, Preco) values (1192, 118, 18, 165, 1016.33);
insert into ComprasItens (CodCompraItem, CodCompra, CodProduto, Quantidade, Preco) values (1193, 156, 160, 175, 2839.20);
insert into ComprasItens (CodCompraItem, CodCompra, CodProduto, Quantidade, Preco) values (1194, 207, 128, 98, 1482.38);
insert into ComprasItens (CodCompraItem, CodCompra, CodProduto, Quantidade, Preco) values (1195, 8, 170, 115, 2017.01);
insert into ComprasItens (CodCompraItem, CodCompra, CodProduto, Quantidade, Preco) values (1196, 256, 138, 165, 3698.15);
insert into ComprasItens (CodCompraItem, CodCompra, CodProduto, Quantidade, Preco) values (1197, 207, 339, 35, 1076.47);
insert into ComprasItens (CodCompraItem, CodCompra, CodProduto, Quantidade, Preco) values (1198, 168, 120, 18, 727.23);
insert into ComprasItens (CodCompraItem, CodCompra, CodProduto, Quantidade, Preco) values (1199, 247, 238, 67, 617.87);
insert into ComprasItens (CodCompraItem, CodCompra, CodProduto, Quantidade, Preco) values (1200, 21, 322, 114, 4005.68);
insert into ComprasItens (CodCompraItem, CodCompra, CodProduto, Quantidade, Preco) values (1201, 163, 200, 158, 3197.84);
insert into ComprasItens (CodCompraItem, CodCompra, CodProduto, Quantidade, Preco) values (1202, 113, 231, 32, 928.05);
insert into ComprasItens (CodCompraItem, CodCompra, CodProduto, Quantidade, Preco) values (1203, 249, 86, 15, 534.64);
insert into ComprasItens (CodCompraItem, CodCompra, CodProduto, Quantidade, Preco) values (1204, 203, 16, 176, 2711.28);
insert into ComprasItens (CodCompraItem, CodCompra, CodProduto, Quantidade, Preco) values (1205, 154, 196, 90, 503.39);
insert into ComprasItens (CodCompraItem, CodCompra, CodProduto, Quantidade, Preco) values (1206, 33, 67, 10, 259.13);
insert into ComprasItens (CodCompraItem, CodCompra, CodProduto, Quantidade, Preco) values (1207, 74, 276, 15, 354.33);
insert into ComprasItens (CodCompraItem, CodCompra, CodProduto, Quantidade, Preco) values (1208, 293, 269, 144, 4842.72);
insert into ComprasItens (CodCompraItem, CodCompra, CodProduto, Quantidade, Preco) values (1209, 74, 68, 166, 3805.22);
insert into ComprasItens (CodCompraItem, CodCompra, CodProduto, Quantidade, Preco) values (1210, 64, 180, 10, 168.73);
insert into ComprasItens (CodCompraItem, CodCompra, CodProduto, Quantidade, Preco) values (1211, 286, 211, 49, 1020.21);
insert into ComprasItens (CodCompraItem, CodCompra, CodProduto, Quantidade, Preco) values (1212, 179, 292, 65, 1916.93);
insert into ComprasItens (CodCompraItem, CodCompra, CodProduto, Quantidade, Preco) values (1213, 272, 226, 183, 1955.76);
insert into ComprasItens (CodCompraItem, CodCompra, CodProduto, Quantidade, Preco) values (1214, 253, 65, 158, 3870.30);
insert into ComprasItens (CodCompraItem, CodCompra, CodProduto, Quantidade, Preco) values (1215, 218, 335, 66, 1543.69);
insert into ComprasItens (CodCompraItem, CodCompra, CodProduto, Quantidade, Preco) values (1216, 280, 286, 30, 371.52);
insert into ComprasItens (CodCompraItem, CodCompra, CodProduto, Quantidade, Preco) values (1217, 46, 325, 36, 396.74);
insert into ComprasItens (CodCompraItem, CodCompra, CodProduto, Quantidade, Preco) values (1218, 50, 270, 54, 2166.02);
insert into ComprasItens (CodCompraItem, CodCompra, CodProduto, Quantidade, Preco) values (1219, 8, 119, 180, 45.36);
insert into ComprasItens (CodCompraItem, CodCompra, CodProduto, Quantidade, Preco) values (1220, 56, 60, 82, 867.15);
insert into ComprasItens (CodCompraItem, CodCompra, CodProduto, Quantidade, Preco) values (1221, 170, 156, 79, 2227.61);
insert into ComprasItens (CodCompraItem, CodCompra, CodProduto, Quantidade, Preco) values (1222, 195, 310, 26, 724.32);
insert into ComprasItens (CodCompraItem, CodCompra, CodProduto, Quantidade, Preco) values (1223, 163, 221, 84, 2783.29);
insert into ComprasItens (CodCompraItem, CodCompra, CodProduto, Quantidade, Preco) values (1224, 258, 43, 126, 4605.40);
insert into ComprasItens (CodCompraItem, CodCompra, CodProduto, Quantidade, Preco) values (1225, 236, 25, 16, 36.89);
insert into ComprasItens (CodCompraItem, CodCompra, CodProduto, Quantidade, Preco) values (1226, 159, 220, 75, 936.36);
insert into ComprasItens (CodCompraItem, CodCompra, CodProduto, Quantidade, Preco) values (1227, 225, 194, 174, 2276.34);
insert into ComprasItens (CodCompraItem, CodCompra, CodProduto, Quantidade, Preco) values (1228, 44, 41, 85, 2509.20);
insert into ComprasItens (CodCompraItem, CodCompra, CodProduto, Quantidade, Preco) values (1229, 268, 200, 7, 141.68);
insert into ComprasItens (CodCompraItem, CodCompra, CodProduto, Quantidade, Preco) values (1230, 268, 136, 84, 1095.44);
insert into ComprasItens (CodCompraItem, CodCompra, CodProduto, Quantidade, Preco) values (1231, 166, 107, 52, 1443.94);
insert into ComprasItens (CodCompraItem, CodCompra, CodProduto, Quantidade, Preco) values (1232, 128, 92, 141, 5659.82);
insert into ComprasItens (CodCompraItem, CodCompra, CodProduto, Quantidade, Preco) values (1233, 184, 12, 106, 449.78);
insert into ComprasItens (CodCompraItem, CodCompra, CodProduto, Quantidade, Preco) values (1234, 149, 246, 47, 1343.03);
insert into ComprasItens (CodCompraItem, CodCompra, CodProduto, Quantidade, Preco) values (1235, 20, 24, 14, 74.14);
insert into ComprasItens (CodCompraItem, CodCompra, CodProduto, Quantidade, Preco) values (1236, 55, 310, 95, 2646.57);
insert into ComprasItens (CodCompraItem, CodCompra, CodProduto, Quantidade, Preco) values (1237, 114, 233, 125, 3684.00);
insert into ComprasItens (CodCompraItem, CodCompra, CodProduto, Quantidade, Preco) values (1238, 224, 214, 104, 421.26);
insert into ComprasItens (CodCompraItem, CodCompra, CodProduto, Quantidade, Preco) values (1239, 127, 133, 30, 1117.35);
insert into ComprasItens (CodCompraItem, CodCompra, CodProduto, Quantidade, Preco) values (1240, 189, 75, 194, 3313.04);
insert into ComprasItens (CodCompraItem, CodCompra, CodProduto, Quantidade, Preco) values (1241, 139, 109, 5, 180.40);
insert into ComprasItens (CodCompraItem, CodCompra, CodProduto, Quantidade, Preco) values (1242, 175, 118, 179, 5630.98);
insert into ComprasItens (CodCompraItem, CodCompra, CodProduto, Quantidade, Preco) values (1243, 145, 197, 26, 697.32);
insert into ComprasItens (CodCompraItem, CodCompra, CodProduto, Quantidade, Preco) values (1244, 103, 300, 72, 408.69);
insert into ComprasItens (CodCompraItem, CodCompra, CodProduto, Quantidade, Preco) values (1245, 258, 12, 200, 848.64);
insert into ComprasItens (CodCompraItem, CodCompra, CodProduto, Quantidade, Preco) values (1246, 85, 150, 182, 2173.74);
insert into ComprasItens (CodCompraItem, CodCompra, CodProduto, Quantidade, Preco) values (1247, 298, 222, 168, 1686.48);
insert into ComprasItens (CodCompraItem, CodCompra, CodProduto, Quantidade, Preco) values (1248, 9, 1, 19, 282.79);
insert into ComprasItens (CodCompraItem, CodCompra, CodProduto, Quantidade, Preco) values (1249, 233, 31, 83, 774.49);
insert into ComprasItens (CodCompraItem, CodCompra, CodProduto, Quantidade, Preco) values (1250, 55, 302, 103, 3149.79);
insert into ComprasItens (CodCompraItem, CodCompra, CodProduto, Quantidade, Preco) values (1251, 72, 203, 91, 22.44);
insert into ComprasItens (CodCompraItem, CodCompra, CodProduto, Quantidade, Preco) values (1252, 271, 152, 184, 3409.15);
insert into ComprasItens (CodCompraItem, CodCompra, CodProduto, Quantidade, Preco) values (1253, 237, 78, 40, 304.20);
insert into ComprasItens (CodCompraItem, CodCompra, CodProduto, Quantidade, Preco) values (1254, 116, 283, 56, 922.72);
insert into ComprasItens (CodCompraItem, CodCompra, CodProduto, Quantidade, Preco) values (1255, 32, 281, 109, 3745.85);
insert into ComprasItens (CodCompraItem, CodCompra, CodProduto, Quantidade, Preco) values (1256, 35, 208, 94, 349.96);
insert into ComprasItens (CodCompraItem, CodCompra, CodProduto, Quantidade, Preco) values (1257, 248, 256, 137, 1504.26);
insert into ComprasItens (CodCompraItem, CodCompra, CodProduto, Quantidade, Preco) values (1258, 15, 170, 81, 1420.68);
insert into ComprasItens (CodCompraItem, CodCompra, CodProduto, Quantidade, Preco) values (1259, 92, 170, 55, 964.66);
insert into ComprasItens (CodCompraItem, CodCompra, CodProduto, Quantidade, Preco) values (1260, 13, 2, 152, 656.64);
insert into ComprasItens (CodCompraItem, CodCompra, CodProduto, Quantidade, Preco) values (1261, 295, 278, 127, 2812.35);
insert into ComprasItens (CodCompraItem, CodCompra, CodProduto, Quantidade, Preco) values (1262, 7, 348, 178, 4469.58);
insert into ComprasItens (CodCompraItem, CodCompra, CodProduto, Quantidade, Preco) values (1263, 132, 160, 91, 1476.38);
insert into ComprasItens (CodCompraItem, CodCompra, CodProduto, Quantidade, Preco) values (1264, 236, 219, 124, 2104.55);
insert into ComprasItens (CodCompraItem, CodCompra, CodProduto, Quantidade, Preco) values (1265, 24, 25, 139, 320.51);
insert into ComprasItens (CodCompraItem, CodCompra, CodProduto, Quantidade, Preco) values (1266, 149, 234, 180, 5651.10);
insert into ComprasItens (CodCompraItem, CodCompra, CodProduto, Quantidade, Preco) values (1267, 99, 151, 111, 4201.13);
insert into ComprasItens (CodCompraItem, CodCompra, CodProduto, Quantidade, Preco) values (1268, 12, 16, 45, 693.23);
insert into ComprasItens (CodCompraItem, CodCompra, CodProduto, Quantidade, Preco) values (1269, 263, 310, 199, 5543.86);
insert into ComprasItens (CodCompraItem, CodCompra, CodProduto, Quantidade, Preco) values (1270, 251, 217, 116, 3449.55);
insert into ComprasItens (CodCompraItem, CodCompra, CodProduto, Quantidade, Preco) values (1271, 96, 50, 128, 3460.92);
insert into ComprasItens (CodCompraItem, CodCompra, CodProduto, Quantidade, Preco) values (1272, 261, 34, 69, 2162.07);
insert into ComprasItens (CodCompraItem, CodCompra, CodProduto, Quantidade, Preco) values (1273, 3, 157, 32, 331.91);
insert into ComprasItens (CodCompraItem, CodCompra, CodProduto, Quantidade, Preco) values (1274, 121, 129, 84, 1864.40);
insert into ComprasItens (CodCompraItem, CodCompra, CodProduto, Quantidade, Preco) values (1275, 141, 126, 191, 1684.62);
insert into ComprasItens (CodCompraItem, CodCompra, CodProduto, Quantidade, Preco) values (1276, 140, 233, 52, 1532.54);
insert into ComprasItens (CodCompraItem, CodCompra, CodProduto, Quantidade, Preco) values (1277, 252, 139, 144, 3172.26);
insert into ComprasItens (CodCompraItem, CodCompra, CodProduto, Quantidade, Preco) values (1278, 98, 241, 129, 4693.07);
insert into ComprasItens (CodCompraItem, CodCompra, CodProduto, Quantidade, Preco) values (1279, 13, 100, 98, 27.75);
insert into ComprasItens (CodCompraItem, CodCompra, CodProduto, Quantidade, Preco) values (1280, 299, 318, 36, 968.27);
insert into ComprasItens (CodCompraItem, CodCompra, CodProduto, Quantidade, Preco) values (1281, 136, 57, 127, 172.82);
insert into ComprasItens (CodCompraItem, CodCompra, CodProduto, Quantidade, Preco) values (1282, 297, 323, 13, 376.58);
insert into ComprasItens (CodCompraItem, CodCompra, CodProduto, Quantidade, Preco) values (1283, 248, 135, 169, 5375.11);
insert into ComprasItens (CodCompraItem, CodCompra, CodProduto, Quantidade, Preco) values (1284, 82, 236, 2, 5.08);
insert into ComprasItens (CodCompraItem, CodCompra, CodProduto, Quantidade, Preco) values (1285, 195, 238, 49, 451.88);
insert into ComprasItens (CodCompraItem, CodCompra, CodProduto, Quantidade, Preco) values (1286, 130, 234, 92, 2888.34);
insert into ComprasItens (CodCompraItem, CodCompra, CodProduto, Quantidade, Preco) values (1287, 40, 73, 135, 3672.70);
insert into ComprasItens (CodCompraItem, CodCompra, CodProduto, Quantidade, Preco) values (1288, 296, 79, 42, 1099.98);
insert into ComprasItens (CodCompraItem, CodCompra, CodProduto, Quantidade, Preco) values (1289, 10, 153, 16, 78.02);
insert into ComprasItens (CodCompraItem, CodCompra, CodProduto, Quantidade, Preco) values (1290, 237, 349, 113, 1660.08);
insert into ComprasItens (CodCompraItem, CodCompra, CodProduto, Quantidade, Preco) values (1291, 44, 253, 68, 1611.01);
insert into ComprasItens (CodCompraItem, CodCompra, CodProduto, Quantidade, Preco) values (1292, 30, 240, 120, 233.28);
insert into ComprasItens (CodCompraItem, CodCompra, CodProduto, Quantidade, Preco) values (1293, 212, 152, 29, 537.31);
insert into ComprasItens (CodCompraItem, CodCompra, CodProduto, Quantidade, Preco) values (1294, 259, 115, 187, 2987.83);
insert into ComprasItens (CodCompraItem, CodCompra, CodProduto, Quantidade, Preco) values (1295, 239, 105, 155, 1542.68);
insert into ComprasItens (CodCompraItem, CodCompra, CodProduto, Quantidade, Preco) values (1296, 17, 85, 11, 54.65);
insert into ComprasItens (CodCompraItem, CodCompra, CodProduto, Quantidade, Preco) values (1297, 128, 214, 199, 806.07);
insert into ComprasItens (CodCompraItem, CodCompra, CodProduto, Quantidade, Preco) values (1298, 98, 289, 69, 2241.38);
insert into ComprasItens (CodCompraItem, CodCompra, CodProduto, Quantidade, Preco) values (1299, 87, 279, 71, 1358.90);
insert into ComprasItens (CodCompraItem, CodCompra, CodProduto, Quantidade, Preco) values (1300, 281, 340, 14, 94.29);
insert into ComprasItens (CodCompraItem, CodCompra, CodProduto, Quantidade, Preco) values (1301, 110, 219, 27, 458.25);
insert into ComprasItens (CodCompraItem, CodCompra, CodProduto, Quantidade, Preco) values (1302, 211, 39, 49, 1417.55);
insert into ComprasItens (CodCompraItem, CodCompra, CodProduto, Quantidade, Preco) values (1303, 220, 221, 32, 1060.30);
insert into ComprasItens (CodCompraItem, CodCompra, CodProduto, Quantidade, Preco) values (1304, 114, 51, 198, 8362.21);
insert into ComprasItens (CodCompraItem, CodCompra, CodProduto, Quantidade, Preco) values (1305, 46, 60, 101, 1068.08);
insert into ComprasItens (CodCompraItem, CodCompra, CodProduto, Quantidade, Preco) values (1306, 11, 159, 70, 2756.17);
insert into ComprasItens (CodCompraItem, CodCompra, CodProduto, Quantidade, Preco) values (1307, 176, 204, 130, 436.53);
insert into ComprasItens (CodCompraItem, CodCompra, CodProduto, Quantidade, Preco) values (1308, 152, 211, 107, 2227.80);
insert into ComprasItens (CodCompraItem, CodCompra, CodProduto, Quantidade, Preco) values (1309, 106, 312, 175, 2798.41);
insert into ComprasItens (CodCompraItem, CodCompra, CodProduto, Quantidade, Preco) values (1310, 22, 203, 83, 20.47);
insert into ComprasItens (CodCompraItem, CodCompra, CodProduto, Quantidade, Preco) values (1311, 28, 314, 28, 686.07);
insert into ComprasItens (CodCompraItem, CodCompra, CodProduto, Quantidade, Preco) values (1312, 51, 21, 90, 2794.50);
insert into ComprasItens (CodCompraItem, CodCompra, CodProduto, Quantidade, Preco) values (1313, 252, 120, 138, 5575.46);
insert into ComprasItens (CodCompraItem, CodCompra, CodProduto, Quantidade, Preco) values (1314, 77, 81, 114, 2464.62);
insert into ComprasItens (CodCompraItem, CodCompra, CodProduto, Quantidade, Preco) values (1315, 263, 195, 7, 64.65);
insert into ComprasItens (CodCompraItem, CodCompra, CodProduto, Quantidade, Preco) values (1316, 135, 126, 146, 1287.72);
insert into ComprasItens (CodCompraItem, CodCompra, CodProduto, Quantidade, Preco) values (1317, 41, 158, 117, 1963.85);
insert into ComprasItens (CodCompraItem, CodCompra, CodProduto, Quantidade, Preco) values (1318, 183, 205, 194, 1673.60);
insert into ComprasItens (CodCompraItem, CodCompra, CodProduto, Quantidade, Preco) values (1319, 31, 262, 67, 88.64);
insert into ComprasItens (CodCompraItem, CodCompra, CodProduto, Quantidade, Preco) values (1320, 42, 46, 124, 4488.18);
insert into ComprasItens (CodCompraItem, CodCompra, CodProduto, Quantidade, Preco) values (1321, 127, 208, 93, 346.24);
insert into ComprasItens (CodCompraItem, CodCompra, CodProduto, Quantidade, Preco) values (1322, 119, 46, 100, 3619.50);
insert into ComprasItens (CodCompraItem, CodCompra, CodProduto, Quantidade, Preco) values (1323, 259, 113, 30, 157.84);
insert into ComprasItens (CodCompraItem, CodCompra, CodProduto, Quantidade, Preco) values (1324, 98, 44, 172, 4947.41);
insert into ComprasItens (CodCompraItem, CodCompra, CodProduto, Quantidade, Preco) values (1325, 100, 119, 5, 1.26);
insert into ComprasItens (CodCompraItem, CodCompra, CodProduto, Quantidade, Preco) values (1326, 145, 261, 200, 2739.96);
insert into ComprasItens (CodCompraItem, CodCompra, CodProduto, Quantidade, Preco) values (1327, 153, 145, 107, 634.97);
insert into ComprasItens (CodCompraItem, CodCompra, CodProduto, Quantidade, Preco) values (1328, 290, 47, 9, 145.10);
insert into ComprasItens (CodCompraItem, CodCompra, CodProduto, Quantidade, Preco) values (1329, 275, 85, 175, 869.40);
insert into ComprasItens (CodCompraItem, CodCompra, CodProduto, Quantidade, Preco) values (1330, 114, 88, 92, 562.54);
insert into ComprasItens (CodCompraItem, CodCompra, CodProduto, Quantidade, Preco) values (1331, 239, 187, 185, 4906.59);
insert into ComprasItens (CodCompraItem, CodCompra, CodProduto, Quantidade, Preco) values (1332, 96, 177, 73, 2372.47);
insert into ComprasItens (CodCompraItem, CodCompra, CodProduto, Quantidade, Preco) values (1333, 239, 217, 99, 2944.01);
insert into ComprasItens (CodCompraItem, CodCompra, CodProduto, Quantidade, Preco) values (1334, 57, 158, 110, 1846.35);
insert into ComprasItens (CodCompraItem, CodCompra, CodProduto, Quantidade, Preco) values (1335, 180, 255, 165, 2066.53);
insert into ComprasItens (CodCompraItem, CodCompra, CodProduto, Quantidade, Preco) values (1336, 34, 281, 39, 1340.26);
insert into ComprasItens (CodCompraItem, CodCompra, CodProduto, Quantidade, Preco) values (1337, 205, 266, 195, 6978.47);
insert into ComprasItens (CodCompraItem, CodCompra, CodProduto, Quantidade, Preco) values (1338, 228, 300, 53, 300.84);
insert into ComprasItens (CodCompraItem, CodCompra, CodProduto, Quantidade, Preco) values (1339, 59, 283, 134, 2207.94);
insert into ComprasItens (CodCompraItem, CodCompra, CodProduto, Quantidade, Preco) values (1340, 284, 117, 69, 2896.97);
insert into ComprasItens (CodCompraItem, CodCompra, CodProduto, Quantidade, Preco) values (1341, 298, 152, 199, 3687.07);
insert into ComprasItens (CodCompraItem, CodCompra, CodProduto, Quantidade, Preco) values (1342, 104, 28, 42, 48.65);
insert into ComprasItens (CodCompraItem, CodCompra, CodProduto, Quantidade, Preco) values (1343, 127, 306, 21, 623.34);
insert into ComprasItens (CodCompraItem, CodCompra, CodProduto, Quantidade, Preco) values (1344, 98, 227, 77, 1806.03);
insert into ComprasItens (CodCompraItem, CodCompra, CodProduto, Quantidade, Preco) values (1345, 143, 123, 173, 295.73);
insert into ComprasItens (CodCompraItem, CodCompra, CodProduto, Quantidade, Preco) values (1346, 244, 216, 158, 6818.77);
insert into ComprasItens (CodCompraItem, CodCompra, CodProduto, Quantidade, Preco) values (1347, 44, 264, 199, 5105.96);
insert into ComprasItens (CodCompraItem, CodCompra, CodProduto, Quantidade, Preco) values (1348, 1, 200, 93, 1882.27);
insert into ComprasItens (CodCompraItem, CodCompra, CodProduto, Quantidade, Preco) values (1349, 275, 175, 86, 3027.89);
insert into ComprasItens (CodCompraItem, CodCompra, CodProduto, Quantidade, Preco) values (1350, 96, 325, 165, 1818.38);
insert into ComprasItens (CodCompraItem, CodCompra, CodProduto, Quantidade, Preco) values (1351, 229, 4, 79, 174.43);
insert into ComprasItens (CodCompraItem, CodCompra, CodProduto, Quantidade, Preco) values (1352, 68, 328, 50, 408.03);
insert into ComprasItens (CodCompraItem, CodCompra, CodProduto, Quantidade, Preco) values (1353, 127, 197, 180, 4827.60);
insert into ComprasItens (CodCompraItem, CodCompra, CodProduto, Quantidade, Preco) values (1354, 18, 16, 60, 924.30);
insert into ComprasItens (CodCompraItem, CodCompra, CodProduto, Quantidade, Preco) values (1355, 7, 102, 50, 42.78);
insert into ComprasItens (CodCompraItem, CodCompra, CodProduto, Quantidade, Preco) values (1356, 205, 164, 88, 2303.35);
insert into ComprasItens (CodCompraItem, CodCompra, CodProduto, Quantidade, Preco) values (1357, 143, 72, 191, 2800.82);
insert into ComprasItens (CodCompraItem, CodCompra, CodProduto, Quantidade, Preco) values (1358, 7, 315, 25, 60.30);
insert into ComprasItens (CodCompraItem, CodCompra, CodProduto, Quantidade, Preco) values (1359, 79, 314, 158, 3871.40);
insert into ComprasItens (CodCompraItem, CodCompra, CodProduto, Quantidade, Preco) values (1360, 252, 53, 64, 2058.74);
insert into ComprasItens (CodCompraItem, CodCompra, CodProduto, Quantidade, Preco) values (1361, 185, 164, 195, 5104.01);
insert into ComprasItens (CodCompraItem, CodCompra, CodProduto, Quantidade, Preco) values (1362, 186, 270, 131, 5254.61);
insert into ComprasItens (CodCompraItem, CodCompra, CodProduto, Quantidade, Preco) values (1363, 89, 314, 103, 2523.76);
insert into ComprasItens (CodCompraItem, CodCompra, CodProduto, Quantidade, Preco) values (1364, 175, 171, 96, 3082.35);
insert into ComprasItens (CodCompraItem, CodCompra, CodProduto, Quantidade, Preco) values (1365, 246, 122, 143, 2951.73);
insert into ComprasItens (CodCompraItem, CodCompra, CodProduto, Quantidade, Preco) values (1366, 186, 334, 107, 2056.20);
insert into ComprasItens (CodCompraItem, CodCompra, CodProduto, Quantidade, Preco) values (1367, 213, 192, 52, 122.69);
insert into ComprasItens (CodCompraItem, CodCompra, CodProduto, Quantidade, Preco) values (1368, 180, 279, 157, 3004.89);
insert into ComprasItens (CodCompraItem, CodCompra, CodProduto, Quantidade, Preco) values (1369, 22, 231, 163, 4727.26);
insert into ComprasItens (CodCompraItem, CodCompra, CodProduto, Quantidade, Preco) values (1370, 130, 182, 146, 1269.94);
insert into ComprasItens (CodCompraItem, CodCompra, CodProduto, Quantidade, Preco) values (1371, 190, 110, 37, 370.05);
insert into ComprasItens (CodCompraItem, CodCompra, CodProduto, Quantidade, Preco) values (1372, 199, 274, 68, 1236.32);
insert into ComprasItens (CodCompraItem, CodCompra, CodProduto, Quantidade, Preco) values (1373, 34, 257, 134, 2842.78);
insert into ComprasItens (CodCompraItem, CodCompra, CodProduto, Quantidade, Preco) values (1374, 45, 246, 147, 4200.53);
insert into ComprasItens (CodCompraItem, CodCompra, CodProduto, Quantidade, Preco) values (1375, 23, 27, 187, 6957.52);
insert into ComprasItens (CodCompraItem, CodCompra, CodProduto, Quantidade, Preco) values (1376, 174, 81, 20, 432.39);
insert into ComprasItens (CodCompraItem, CodCompra, CodProduto, Quantidade, Preco) values (1377, 60, 252, 115, 1324.80);
insert into ComprasItens (CodCompraItem, CodCompra, CodProduto, Quantidade, Preco) values (1378, 289, 124, 141, 2795.18);
insert into ComprasItens (CodCompraItem, CodCompra, CodProduto, Quantidade, Preco) values (1379, 120, 295, 137, 4572.46);
insert into ComprasItens (CodCompraItem, CodCompra, CodProduto, Quantidade, Preco) values (1380, 136, 34, 132, 4136.14);
insert into ComprasItens (CodCompraItem, CodCompra, CodProduto, Quantidade, Preco) values (1381, 238, 3, 179, 5535.93);
insert into ComprasItens (CodCompraItem, CodCompra, CodProduto, Quantidade, Preco) values (1382, 67, 55, 15, 520.99);
insert into ComprasItens (CodCompraItem, CodCompra, CodProduto, Quantidade, Preco) values (1383, 28, 318, 140, 3765.51);
insert into ComprasItens (CodCompraItem, CodCompra, CodProduto, Quantidade, Preco) values (1384, 71, 311, 75, 502.88);
insert into ComprasItens (CodCompraItem, CodCompra, CodProduto, Quantidade, Preco) values (1385, 66, 28, 10, 11.58);
insert into ComprasItens (CodCompraItem, CodCompra, CodProduto, Quantidade, Preco) values (1386, 90, 91, 29, 499.37);
insert into ComprasItens (CodCompraItem, CodCompra, CodProduto, Quantidade, Preco) values (1387, 61, 40, 105, 4384.80);
insert into ComprasItens (CodCompraItem, CodCompra, CodProduto, Quantidade, Preco) values (1388, 237, 262, 179, 236.82);
insert into ComprasItens (CodCompraItem, CodCompra, CodProduto, Quantidade, Preco) values (1389, 55, 5, 168, 6601.14);
insert into ComprasItens (CodCompraItem, CodCompra, CodProduto, Quantidade, Preco) values (1390, 129, 140, 131, 81.43);
insert into ComprasItens (CodCompraItem, CodCompra, CodProduto, Quantidade, Preco) values (1391, 64, 200, 130, 2631.14);
insert into ComprasItens (CodCompraItem, CodCompra, CodProduto, Quantidade, Preco) values (1392, 286, 91, 167, 2875.69);
insert into ComprasItens (CodCompraItem, CodCompra, CodProduto, Quantidade, Preco) values (1393, 22, 321, 167, 2707.70);
insert into ComprasItens (CodCompraItem, CodCompra, CodProduto, Quantidade, Preco) values (1394, 38, 68, 81, 1856.76);
insert into ComprasItens (CodCompraItem, CodCompra, CodProduto, Quantidade, Preco) values (1395, 215, 306, 62, 1840.34);
insert into ComprasItens (CodCompraItem, CodCompra, CodProduto, Quantidade, Preco) values (1396, 156, 314, 6, 147.02);
insert into ComprasItens (CodCompraItem, CodCompra, CodProduto, Quantidade, Preco) values (1397, 54, 309, 173, 2744.68);
insert into ComprasItens (CodCompraItem, CodCompra, CodProduto, Quantidade, Preco) values (1398, 46, 172, 196, 1602.77);
insert into ComprasItens (CodCompraItem, CodCompra, CodProduto, Quantidade, Preco) values (1399, 120, 278, 193, 4273.89);
insert into ComprasItens (CodCompraItem, CodCompra, CodProduto, Quantidade, Preco) values (1400, 181, 317, 105, 3266.68);
insert into ComprasItens (CodCompraItem, CodCompra, CodProduto, Quantidade, Preco) values (1401, 178, 12, 129, 547.37);
insert into ComprasItens (CodCompraItem, CodCompra, CodProduto, Quantidade, Preco) values (1402, 135, 315, 26, 62.71);
insert into ComprasItens (CodCompraItem, CodCompra, CodProduto, Quantidade, Preco) values (1403, 57, 171, 129, 4141.91);
insert into ComprasItens (CodCompraItem, CodCompra, CodProduto, Quantidade, Preco) values (1404, 22, 262, 186, 246.08);
insert into ComprasItens (CodCompraItem, CodCompra, CodProduto, Quantidade, Preco) values (1405, 215, 168, 149, 2556.08);
insert into ComprasItens (CodCompraItem, CodCompra, CodProduto, Quantidade, Preco) values (1406, 204, 8, 151, 985.55);
insert into ComprasItens (CodCompraItem, CodCompra, CodProduto, Quantidade, Preco) values (1407, 238, 230, 169, 2687.15);
insert into ComprasItens (CodCompraItem, CodCompra, CodProduto, Quantidade, Preco) values (1408, 18, 218, 133, 2867.53);
insert into ComprasItens (CodCompraItem, CodCompra, CodProduto, Quantidade, Preco) values (1409, 113, 92, 133, 5338.70);
insert into ComprasItens (CodCompraItem, CodCompra, CodProduto, Quantidade, Preco) values (1410, 230, 300, 107, 607.36);
insert into ComprasItens (CodCompraItem, CodCompra, CodProduto, Quantidade, Preco) values (1411, 201, 205, 112, 966.20);
insert into ComprasItens (CodCompraItem, CodCompra, CodProduto, Quantidade, Preco) values (1412, 54, 41, 99, 2922.48);
insert into ComprasItens (CodCompraItem, CodCompra, CodProduto, Quantidade, Preco) values (1413, 238, 316, 56, 144.60);
insert into ComprasItens (CodCompraItem, CodCompra, CodProduto, Quantidade, Preco) values (1414, 99, 205, 64, 552.12);
insert into ComprasItens (CodCompraItem, CodCompra, CodProduto, Quantidade, Preco) values (1415, 93, 219, 82, 1391.72);
insert into ComprasItens (CodCompraItem, CodCompra, CodProduto, Quantidade, Preco) values (1416, 252, 334, 165, 3170.77);
insert into ComprasItens (CodCompraItem, CodCompra, CodProduto, Quantidade, Preco) values (1417, 131, 293, 72, 1224.12);
insert into ComprasItens (CodCompraItem, CodCompra, CodProduto, Quantidade, Preco) values (1418, 76, 340, 27, 181.85);
insert into ComprasItens (CodCompraItem, CodCompra, CodProduto, Quantidade, Preco) values (1419, 80, 284, 56, 145.19);
insert into ComprasItens (CodCompraItem, CodCompra, CodProduto, Quantidade, Preco) values (1420, 145, 251, 60, 1471.07);
insert into ComprasItens (CodCompraItem, CodCompra, CodProduto, Quantidade, Preco) values (1421, 275, 277, 64, 941.07);
insert into ComprasItens (CodCompraItem, CodCompra, CodProduto, Quantidade, Preco) values (1422, 259, 342, 131, 5236.53);
insert into ComprasItens (CodCompraItem, CodCompra, CodProduto, Quantidade, Preco) values (1423, 172, 157, 181, 1877.37);
insert into ComprasItens (CodCompraItem, CodCompra, CodProduto, Quantidade, Preco) values (1424, 27, 251, 41, 1005.23);
insert into ComprasItens (CodCompraItem, CodCompra, CodProduto, Quantidade, Preco) values (1425, 9, 231, 12, 348.02);
insert into ComprasItens (CodCompraItem, CodCompra, CodProduto, Quantidade, Preco) values (1426, 105, 44, 81, 2329.88);
insert into ComprasItens (CodCompraItem, CodCompra, CodProduto, Quantidade, Preco) values (1427, 78, 228, 135, 2837.43);
insert into ComprasItens (CodCompraItem, CodCompra, CodProduto, Quantidade, Preco) values (1428, 213, 51, 45, 1900.50);
insert into ComprasItens (CodCompraItem, CodCompra, CodProduto, Quantidade, Preco) values (1429, 285, 73, 6, 163.23);
insert into ComprasItens (CodCompraItem, CodCompra, CodProduto, Quantidade, Preco) values (1430, 32, 201, 148, 4251.74);
insert into ComprasItens (CodCompraItem, CodCompra, CodProduto, Quantidade, Preco) values (1431, 209, 280, 158, 6327.14);
insert into ComprasItens (CodCompraItem, CodCompra, CodProduto, Quantidade, Preco) values (1432, 234, 203, 43, 10.60);
insert into ComprasItens (CodCompraItem, CodCompra, CodProduto, Quantidade, Preco) values (1433, 142, 339, 192, 5905.21);
insert into ComprasItens (CodCompraItem, CodCompra, CodProduto, Quantidade, Preco) values (1434, 112, 29, 138, 4036.50);
insert into ComprasItens (CodCompraItem, CodCompra, CodProduto, Quantidade, Preco) values (1435, 200, 107, 17, 472.06);
insert into ComprasItens (CodCompraItem, CodCompra, CodProduto, Quantidade, Preco) values (1436, 49, 59, 57, 1610.27);
insert into ComprasItens (CodCompraItem, CodCompra, CodProduto, Quantidade, Preco) values (1437, 141, 86, 118, 4205.84);
insert into ComprasItens (CodCompraItem, CodCompra, CodProduto, Quantidade, Preco) values (1438, 174, 203, 106, 26.14);
insert into ComprasItens (CodCompraItem, CodCompra, CodProduto, Quantidade, Preco) values (1439, 216, 256, 96, 1054.08);
insert into ComprasItens (CodCompraItem, CodCompra, CodProduto, Quantidade, Preco) values (1440, 187, 194, 2, 26.16);
insert into ComprasItens (CodCompraItem, CodCompra, CodProduto, Quantidade, Preco) values (1441, 139, 155, 194, 1271.20);
insert into ComprasItens (CodCompraItem, CodCompra, CodProduto, Quantidade, Preco) values (1442, 280, 171, 16, 513.72);
insert into ComprasItens (CodCompraItem, CodCompra, CodProduto, Quantidade, Preco) values (1443, 64, 172, 87, 711.43);
insert into ComprasItens (CodCompraItem, CodCompra, CodProduto, Quantidade, Preco) values (1444, 58, 34, 140, 4386.82);
insert into ComprasItens (CodCompraItem, CodCompra, CodProduto, Quantidade, Preco) values (1445, 60, 246, 122, 3486.15);
insert into ComprasItens (CodCompraItem, CodCompra, CodProduto, Quantidade, Preco) values (1446, 98, 340, 194, 1306.65);
insert into ComprasItens (CodCompraItem, CodCompra, CodProduto, Quantidade, Preco) values (1447, 216, 348, 131, 3289.41);
insert into ComprasItens (CodCompraItem, CodCompra, CodProduto, Quantidade, Preco) values (1448, 273, 239, 132, 5192.79);
insert into ComprasItens (CodCompraItem, CodCompra, CodProduto, Quantidade, Preco) values (1449, 123, 250, 87, 503.34);
insert into ComprasItens (CodCompraItem, CodCompra, CodProduto, Quantidade, Preco) values (1450, 222, 231, 123, 3567.20);
insert into ComprasItens (CodCompraItem, CodCompra, CodProduto, Quantidade, Preco) values (1451, 131, 161, 125, 1896.00);
insert into ComprasItens (CodCompraItem, CodCompra, CodProduto, Quantidade, Preco) values (1452, 171, 302, 98, 2996.89);
insert into ComprasItens (CodCompraItem, CodCompra, CodProduto, Quantidade, Preco) values (1453, 185, 198, 118, 1038.85);
insert into ComprasItens (CodCompraItem, CodCompra, CodProduto, Quantidade, Preco) values (1454, 48, 106, 154, 4620.65);
insert into ComprasItens (CodCompraItem, CodCompra, CodProduto, Quantidade, Preco) values (1455, 28, 18, 176, 1084.09);
insert into ComprasItens (CodCompraItem, CodCompra, CodProduto, Quantidade, Preco) values (1456, 267, 282, 174, 5170.46);
insert into ComprasItens (CodCompraItem, CodCompra, CodProduto, Quantidade, Preco) values (1457, 149, 280, 3, 120.14);
insert into ComprasItens (CodCompraItem, CodCompra, CodProduto, Quantidade, Preco) values (1458, 271, 246, 74, 2114.55);
insert into ComprasItens (CodCompraItem, CodCompra, CodProduto, Quantidade, Preco) values (1459, 22, 258, 67, 2462.25);
insert into ComprasItens (CodCompraItem, CodCompra, CodProduto, Quantidade, Preco) values (1460, 98, 60, 145, 1533.38);
insert into ComprasItens (CodCompraItem, CodCompra, CodProduto, Quantidade, Preco) values (1461, 99, 241, 53, 1928.16);
insert into ComprasItens (CodCompraItem, CodCompra, CodProduto, Quantidade, Preco) values (1462, 28, 210, 22, 648.81);
insert into ComprasItens (CodCompraItem, CodCompra, CodProduto, Quantidade, Preco) values (1463, 163, 135, 1, 31.81);
insert into ComprasItens (CodCompraItem, CodCompra, CodProduto, Quantidade, Preco) values (1464, 214, 78, 99, 752.90);
insert into ComprasItens (CodCompraItem, CodCompra, CodProduto, Quantidade, Preco) values (1465, 58, 324, 191, 3857.44);
insert into ComprasItens (CodCompraItem, CodCompra, CodProduto, Quantidade, Preco) values (1466, 217, 95, 48, 147.31);
insert into ComprasItens (CodCompraItem, CodCompra, CodProduto, Quantidade, Preco) values (1467, 159, 43, 52, 1900.64);
insert into ComprasItens (CodCompraItem, CodCompra, CodProduto, Quantidade, Preco) values (1468, 46, 233, 121, 3566.11);
insert into ComprasItens (CodCompraItem, CodCompra, CodProduto, Quantidade, Preco) values (1469, 30, 267, 90, 2077.25);
insert into ComprasItens (CodCompraItem, CodCompra, CodProduto, Quantidade, Preco) values (1470, 93, 4, 181, 399.65);
insert into ComprasItens (CodCompraItem, CodCompra, CodProduto, Quantidade, Preco) values (1471, 52, 180, 111, 1872.93);
insert into ComprasItens (CodCompraItem, CodCompra, CodProduto, Quantidade, Preco) values (1472, 120, 72, 164, 2404.90);
insert into ComprasItens (CodCompraItem, CodCompra, CodProduto, Quantidade, Preco) values (1473, 272, 140, 93, 57.81);
insert into ComprasItens (CodCompraItem, CodCompra, CodProduto, Quantidade, Preco) values (1474, 8, 215, 6, 108.11);
insert into ComprasItens (CodCompraItem, CodCompra, CodProduto, Quantidade, Preco) values (1475, 196, 67, 59, 1528.86);
insert into ComprasItens (CodCompraItem, CodCompra, CodProduto, Quantidade, Preco) values (1476, 75, 28, 63, 72.97);
insert into ComprasItens (CodCompraItem, CodCompra, CodProduto, Quantidade, Preco) values (1477, 240, 168, 91, 1561.10);
insert into ComprasItens (CodCompraItem, CodCompra, CodProduto, Quantidade, Preco) values (1478, 1, 326, 159, 2398.07);
insert into ComprasItens (CodCompraItem, CodCompra, CodProduto, Quantidade, Preco) values (1479, 6, 331, 99, 2926.40);
insert into ComprasItens (CodCompraItem, CodCompra, CodProduto, Quantidade, Preco) values (1480, 12, 205, 189, 1630.47);
insert into ComprasItens (CodCompraItem, CodCompra, CodProduto, Quantidade, Preco) values (1481, 91, 72, 61, 894.50);
insert into ComprasItens (CodCompraItem, CodCompra, CodProduto, Quantidade, Preco) values (1482, 91, 155, 180, 1179.47);
insert into ComprasItens (CodCompraItem, CodCompra, CodProduto, Quantidade, Preco) values (1483, 110, 20, 39, 1530.54);
insert into ComprasItens (CodCompraItem, CodCompra, CodProduto, Quantidade, Preco) values (1484, 90, 50, 153, 4136.88);
insert into ComprasItens (CodCompraItem, CodCompra, CodProduto, Quantidade, Preco) values (1485, 208, 115, 50, 798.89);
insert into ComprasItens (CodCompraItem, CodCompra, CodProduto, Quantidade, Preco) values (1486, 200, 265, 135, 2004.51);
insert into ComprasItens (CodCompraItem, CodCompra, CodProduto, Quantidade, Preco) values (1487, 29, 22, 116, 1617.50);
insert into ComprasItens (CodCompraItem, CodCompra, CodProduto, Quantidade, Preco) values (1488, 113, 315, 155, 373.86);
insert into ComprasItens (CodCompraItem, CodCompra, CodProduto, Quantidade, Preco) values (1489, 275, 138, 146, 3272.30);
insert into ComprasItens (CodCompraItem, CodCompra, CodProduto, Quantidade, Preco) values (1490, 224, 264, 42, 1077.64);
insert into ComprasItens (CodCompraItem, CodCompra, CodProduto, Quantidade, Preco) values (1491, 1, 86, 195, 6950.33);
insert into ComprasItens (CodCompraItem, CodCompra, CodProduto, Quantidade, Preco) values (1492, 188, 87, 165, 6355.01);
insert into ComprasItens (CodCompraItem, CodCompra, CodProduto, Quantidade, Preco) values (1493, 42, 277, 23, 338.20);
insert into ComprasItens (CodCompraItem, CodCompra, CodProduto, Quantidade, Preco) values (1494, 32, 346, 169, 3864.86);
insert into ComprasItens (CodCompraItem, CodCompra, CodProduto, Quantidade, Preco) values (1495, 181, 53, 39, 1254.54);
insert into ComprasItens (CodCompraItem, CodCompra, CodProduto, Quantidade, Preco) values (1496, 141, 285, 72, 846.55);
insert into ComprasItens (CodCompraItem, CodCompra, CodProduto, Quantidade, Preco) values (1497, 86, 214, 32, 129.62);
insert into ComprasItens (CodCompraItem, CodCompra, CodProduto, Quantidade, Preco) values (1498, 162, 328, 36, 293.78);
insert into ComprasItens (CodCompraItem, CodCompra, CodProduto, Quantidade, Preco) values (1499, 232, 48, 4, 136.99);
insert into ComprasItens (CodCompraItem, CodCompra, CodProduto, Quantidade, Preco) values (1500, 136, 320, 82, 1348.40);
insert into ComprasItens (CodCompraItem, CodCompra, CodProduto, Quantidade, Preco) values (1501, 296, 338, 81, 840.83);
insert into ComprasItens (CodCompraItem, CodCompra, CodProduto, Quantidade, Preco) values (1502, 210, 25, 175, 403.52);
insert into ComprasItens (CodCompraItem, CodCompra, CodProduto, Quantidade, Preco) values (1503, 172, 140, 74, 46.00);
insert into ComprasItens (CodCompraItem, CodCompra, CodProduto, Quantidade, Preco) values (1504, 162, 145, 143, 848.60);
insert into ComprasItens (CodCompraItem, CodCompra, CodProduto, Quantidade, Preco) values (1505, 74, 303, 107, 4008.39);
insert into ComprasItens (CodCompraItem, CodCompra, CodProduto, Quantidade, Preco) values (1506, 68, 348, 182, 4570.02);
insert into ComprasItens (CodCompraItem, CodCompra, CodProduto, Quantidade, Preco) values (1507, 221, 78, 113, 859.37);
insert into ComprasItens (CodCompraItem, CodCompra, CodProduto, Quantidade, Preco) values (1508, 173, 225, 195, 1484.50);
insert into ComprasItens (CodCompraItem, CodCompra, CodProduto, Quantidade, Preco) values (1509, 197, 197, 69, 1850.58);
insert into ComprasItens (CodCompraItem, CodCompra, CodProduto, Quantidade, Preco) values (1510, 22, 132, 16, 728.85);
insert into ComprasItens (CodCompraItem, CodCompra, CodProduto, Quantidade, Preco) values (1511, 248, 44, 31, 891.68);
insert into ComprasItens (CodCompraItem, CodCompra, CodProduto, Quantidade, Preco) values (1512, 212, 194, 163, 2132.43);
insert into ComprasItens (CodCompraItem, CodCompra, CodProduto, Quantidade, Preco) values (1513, 135, 348, 27, 677.97);
insert into ComprasItens (CodCompraItem, CodCompra, CodProduto, Quantidade, Preco) values (1514, 114, 42, 84, 1189.74);
insert into ComprasItens (CodCompraItem, CodCompra, CodProduto, Quantidade, Preco) values (1515, 104, 148, 21, 205.14);
insert into ComprasItens (CodCompraItem, CodCompra, CodProduto, Quantidade, Preco) values (1516, 250, 147, 106, 3245.25);
insert into ComprasItens (CodCompraItem, CodCompra, CodProduto, Quantidade, Preco) values (1517, 84, 241, 107, 3892.70);
insert into ComprasItens (CodCompraItem, CodCompra, CodProduto, Quantidade, Preco) values (1518, 72, 95, 55, 168.80);
insert into ComprasItens (CodCompraItem, CodCompra, CodProduto, Quantidade, Preco) values (1519, 228, 137, 77, 545.74);
insert into ComprasItens (CodCompraItem, CodCompra, CodProduto, Quantidade, Preco) values (1520, 240, 301, 74, 346.81);
insert into ComprasItens (CodCompraItem, CodCompra, CodProduto, Quantidade, Preco) values (1521, 131, 34, 74, 2318.75);
insert into ComprasItens (CodCompraItem, CodCompra, CodProduto, Quantidade, Preco) values (1522, 210, 218, 178, 3837.75);
insert into ComprasItens (CodCompraItem, CodCompra, CodProduto, Quantidade, Preco) values (1523, 60, 180, 84, 1417.35);
insert into ComprasItens (CodCompraItem, CodCompra, CodProduto, Quantidade, Preco) values (1524, 22, 111, 91, 3714.19);
insert into ComprasItens (CodCompraItem, CodCompra, CodProduto, Quantidade, Preco) values (1525, 96, 163, 49, 913.68);
insert into ComprasItens (CodCompraItem, CodCompra, CodProduto, Quantidade, Preco) values (1526, 207, 252, 173, 1992.96);
insert into ComprasItens (CodCompraItem, CodCompra, CodProduto, Quantidade, Preco) values (1527, 5, 251, 176, 4315.13);
insert into ComprasItens (CodCompraItem, CodCompra, CodProduto, Quantidade, Preco) values (1528, 129, 315, 195, 470.34);
insert into ComprasItens (CodCompraItem, CodCompra, CodProduto, Quantidade, Preco) values (1529, 21, 300, 162, 919.56);
insert into ComprasItens (CodCompraItem, CodCompra, CodProduto, Quantidade, Preco) values (1530, 190, 340, 135, 909.27);
insert into ComprasItens (CodCompraItem, CodCompra, CodProduto, Quantidade, Preco) values (1531, 255, 301, 94, 440.54);
insert into ComprasItens (CodCompraItem, CodCompra, CodProduto, Quantidade, Preco) values (1532, 94, 61, 176, 3818.71);
insert into ComprasItens (CodCompraItem, CodCompra, CodProduto, Quantidade, Preco) values (1533, 253, 141, 77, 1217.37);
insert into ComprasItens (CodCompraItem, CodCompra, CodProduto, Quantidade, Preco) values (1534, 288, 10, 80, 1505.28);
insert into ComprasItens (CodCompraItem, CodCompra, CodProduto, Quantidade, Preco) values (1535, 290, 173, 117, 3498.28);
insert into ComprasItens (CodCompraItem, CodCompra, CodProduto, Quantidade, Preco) values (1536, 41, 278, 62, 1372.96);
insert into ComprasItens (CodCompraItem, CodCompra, CodProduto, Quantidade, Preco) values (1537, 87, 209, 151, 3247.56);
insert into ComprasItens (CodCompraItem, CodCompra, CodProduto, Quantidade, Preco) values (1538, 184, 56, 180, 933.77);
insert into ComprasItens (CodCompraItem, CodCompra, CodProduto, Quantidade, Preco) values (1539, 11, 90, 63, 1275.94);
insert into ComprasItens (CodCompraItem, CodCompra, CodProduto, Quantidade, Preco) values (1540, 168, 137, 175, 1240.31);
insert into ComprasItens (CodCompraItem, CodCompra, CodProduto, Quantidade, Preco) values (1541, 258, 264, 174, 4464.51);
insert into ComprasItens (CodCompraItem, CodCompra, CodProduto, Quantidade, Preco) values (1542, 224, 335, 160, 3742.27);
insert into ComprasItens (CodCompraItem, CodCompra, CodProduto, Quantidade, Preco) values (1543, 209, 81, 79, 1707.94);
insert into ComprasItens (CodCompraItem, CodCompra, CodProduto, Quantidade, Preco) values (1544, 247, 150, 98, 1170.47);
insert into ComprasItens (CodCompraItem, CodCompra, CodProduto, Quantidade, Preco) values (1545, 84, 57, 200, 272.16);
insert into ComprasItens (CodCompraItem, CodCompra, CodProduto, Quantidade, Preco) values (1546, 109, 302, 89, 2721.66);
insert into ComprasItens (CodCompraItem, CodCompra, CodProduto, Quantidade, Preco) values (1547, 170, 348, 127, 3188.97);
insert into ComprasItens (CodCompraItem, CodCompra, CodProduto, Quantidade, Preco) values (1548, 237, 265, 87, 1291.79);
insert into ComprasItens (CodCompraItem, CodCompra, CodProduto, Quantidade, Preco) values (1549, 238, 208, 172, 640.36);
insert into ComprasItens (CodCompraItem, CodCompra, CodProduto, Quantidade, Preco) values (1550, 141, 90, 67, 1356.95);
insert into ComprasItens (CodCompraItem, CodCompra, CodProduto, Quantidade, Preco) values (1551, 148, 113, 40, 210.46);
insert into ComprasItens (CodCompraItem, CodCompra, CodProduto, Quantidade, Preco) values (1552, 36, 299, 21, 443.73);
insert into ComprasItens (CodCompraItem, CodCompra, CodProduto, Quantidade, Preco) values (1553, 196, 155, 189, 1238.44);
insert into ComprasItens (CodCompraItem, CodCompra, CodProduto, Quantidade, Preco) values (1554, 179, 170, 104, 1824.08);
insert into ComprasItens (CodCompraItem, CodCompra, CodProduto, Quantidade, Preco) values (1555, 269, 291, 105, 3486.04);
insert into ComprasItens (CodCompraItem, CodCompra, CodProduto, Quantidade, Preco) values (1556, 261, 259, 193, 5447.23);
insert into ComprasItens (CodCompraItem, CodCompra, CodProduto, Quantidade, Preco) values (1557, 96, 250, 23, 133.07);
insert into ComprasItens (CodCompraItem, CodCompra, CodProduto, Quantidade, Preco) values (1558, 32, 3, 119, 3680.31);
insert into ComprasItens (CodCompraItem, CodCompra, CodProduto, Quantidade, Preco) values (1559, 146, 203, 60, 14.80);
insert into ComprasItens (CodCompraItem, CodCompra, CodProduto, Quantidade, Preco) values (1560, 66, 279, 109, 2086.19);
insert into ComprasItens (CodCompraItem, CodCompra, CodProduto, Quantidade, Preco) values (1561, 183, 209, 95, 2043.17);
insert into ComprasItens (CodCompraItem, CodCompra, CodProduto, Quantidade, Preco) values (1562, 235, 279, 71, 1358.90);
insert into ComprasItens (CodCompraItem, CodCompra, CodProduto, Quantidade, Preco) values (1563, 81, 201, 48, 1378.94);
insert into ComprasItens (CodCompraItem, CodCompra, CodProduto, Quantidade, Preco) values (1564, 286, 4, 48, 105.98);
insert into ComprasItens (CodCompraItem, CodCompra, CodProduto, Quantidade, Preco) values (1565, 134, 241, 69, 2510.25);
insert into ComprasItens (CodCompraItem, CodCompra, CodProduto, Quantidade, Preco) values (1566, 89, 202, 94, 638.73);
insert into ComprasItens (CodCompraItem, CodCompra, CodProduto, Quantidade, Preco) values (1567, 190, 213, 21, 784.82);
insert into ComprasItens (CodCompraItem, CodCompra, CodProduto, Quantidade, Preco) values (1568, 136, 114, 29, 587.77);
insert into ComprasItens (CodCompraItem, CodCompra, CodProduto, Quantidade, Preco) values (1569, 300, 211, 99, 2061.24);
insert into ComprasItens (CodCompraItem, CodCompra, CodProduto, Quantidade, Preco) values (1570, 253, 287, 65, 327.60);
insert into ComprasItens (CodCompraItem, CodCompra, CodProduto, Quantidade, Preco) values (1571, 28, 45, 120, 3906.00);
insert into ComprasItens (CodCompraItem, CodCompra, CodProduto, Quantidade, Preco) values (1572, 172, 81, 16, 345.91);
insert into ComprasItens (CodCompraItem, CodCompra, CodProduto, Quantidade, Preco) values (1573, 217, 6, 114, 1636.61);
insert into ComprasItens (CodCompraItem, CodCompra, CodProduto, Quantidade, Preco) values (1574, 144, 83, 173, 2039.41);
insert into ComprasItens (CodCompraItem, CodCompra, CodProduto, Quantidade, Preco) values (1575, 149, 274, 131, 2381.74);
insert into ComprasItens (CodCompraItem, CodCompra, CodProduto, Quantidade, Preco) values (1576, 201, 180, 2, 33.75);
insert into ComprasItens (CodCompraItem, CodCompra, CodProduto, Quantidade, Preco) values (1577, 238, 197, 135, 3620.70);
insert into ComprasItens (CodCompraItem, CodCompra, CodProduto, Quantidade, Preco) values (1578, 198, 324, 80, 1615.68);
insert into ComprasItens (CodCompraItem, CodCompra, CodProduto, Quantidade, Preco) values (1579, 252, 38, 112, 743.80);
insert into ComprasItens (CodCompraItem, CodCompra, CodProduto, Quantidade, Preco) values (1580, 219, 341, 169, 5972.46);
insert into ComprasItens (CodCompraItem, CodCompra, CodProduto, Quantidade, Preco) values (1581, 194, 16, 49, 754.85);
insert into ComprasItens (CodCompraItem, CodCompra, CodProduto, Quantidade, Preco) values (1582, 256, 152, 19, 352.03);
insert into ComprasItens (CodCompraItem, CodCompra, CodProduto, Quantidade, Preco) values (1583, 8, 318, 192, 5164.13);
insert into ComprasItens (CodCompraItem, CodCompra, CodProduto, Quantidade, Preco) values (1584, 192, 299, 24, 507.12);
insert into ComprasItens (CodCompraItem, CodCompra, CodProduto, Quantidade, Preco) values (1585, 181, 187, 30, 795.66);
insert into ComprasItens (CodCompraItem, CodCompra, CodProduto, Quantidade, Preco) values (1586, 161, 350, 32, 693.87);
insert into ComprasItens (CodCompraItem, CodCompra, CodProduto, Quantidade, Preco) values (1587, 60, 114, 125, 2533.50);
insert into ComprasItens (CodCompraItem, CodCompra, CodProduto, Quantidade, Preco) values (1588, 53, 303, 132, 4944.93);
insert into ComprasItens (CodCompraItem, CodCompra, CodProduto, Quantidade, Preco) values (1589, 277, 100, 9, 2.55);
insert into ComprasItens (CodCompraItem, CodCompra, CodProduto, Quantidade, Preco) values (1590, 105, 64, 105, 1416.49);
insert into ComprasItens (CodCompraItem, CodCompra, CodProduto, Quantidade, Preco) values (1591, 120, 343, 169, 6091.61);
insert into ComprasItens (CodCompraItem, CodCompra, CodProduto, Quantidade, Preco) values (1592, 169, 44, 8, 230.11);
insert into ComprasItens (CodCompraItem, CodCompra, CodProduto, Quantidade, Preco) values (1593, 35, 281, 133, 4570.62);
insert into ComprasItens (CodCompraItem, CodCompra, CodProduto, Quantidade, Preco) values (1594, 220, 211, 25, 520.52);
insert into ComprasItens (CodCompraItem, CodCompra, CodProduto, Quantidade, Preco) values (1595, 181, 155, 173, 1133.60);
insert into ComprasItens (CodCompraItem, CodCompra, CodProduto, Quantidade, Preco) values (1596, 128, 254, 179, 851.20);
insert into ComprasItens (CodCompraItem, CodCompra, CodProduto, Quantidade, Preco) values (1597, 5, 67, 31, 803.30);
insert into ComprasItens (CodCompraItem, CodCompra, CodProduto, Quantidade, Preco) values (1598, 17, 289, 2, 64.97);
insert into ComprasItens (CodCompraItem, CodCompra, CodProduto, Quantidade, Preco) values (1599, 161, 177, 60, 1949.98);
insert into ComprasItens (CodCompraItem, CodCompra, CodProduto, Quantidade, Preco) values (1600, 26, 183, 103, 1371.90);
insert into ComprasItens (CodCompraItem, CodCompra, CodProduto, Quantidade, Preco) values (1601, 70, 238, 30, 276.66);
insert into ComprasItens (CodCompraItem, CodCompra, CodProduto, Quantidade, Preco) values (1602, 124, 248, 163, 5545.26);
insert into ComprasItens (CodCompraItem, CodCompra, CodProduto, Quantidade, Preco) values (1603, 176, 114, 33, 668.84);
insert into ComprasItens (CodCompraItem, CodCompra, CodProduto, Quantidade, Preco) values (1604, 108, 190, 41, 1128.40);
insert into ComprasItens (CodCompraItem, CodCompra, CodProduto, Quantidade, Preco) values (1605, 73, 221, 37, 1225.97);
insert into ComprasItens (CodCompraItem, CodCompra, CodProduto, Quantidade, Preco) values (1606, 275, 320, 86, 1414.18);
insert into ComprasItens (CodCompraItem, CodCompra, CodProduto, Quantidade, Preco) values (1607, 12, 170, 40, 701.57);
insert into ComprasItens (CodCompraItem, CodCompra, CodProduto, Quantidade, Preco) values (1608, 122, 81, 67, 1448.51);
insert into ComprasItens (CodCompraItem, CodCompra, CodProduto, Quantidade, Preco) values (1609, 90, 278, 29, 642.19);
insert into ComprasItens (CodCompraItem, CodCompra, CodProduto, Quantidade, Preco) values (1610, 190, 97, 64, 2167.35);
insert into ComprasItens (CodCompraItem, CodCompra, CodProduto, Quantidade, Preco) values (1611, 166, 144, 147, 1123.05);
insert into ComprasItens (CodCompraItem, CodCompra, CodProduto, Quantidade, Preco) values (1612, 97, 235, 111, 1501.16);
insert into ComprasItens (CodCompraItem, CodCompra, CodProduto, Quantidade, Preco) values (1613, 272, 53, 7, 225.17);
insert into ComprasItens (CodCompraItem, CodCompra, CodProduto, Quantidade, Preco) values (1614, 288, 29, 8, 234.00);
insert into ComprasItens (CodCompraItem, CodCompra, CodProduto, Quantidade, Preco) values (1615, 113, 46, 107, 3872.87);
insert into ComprasItens (CodCompraItem, CodCompra, CodProduto, Quantidade, Preco) values (1616, 186, 77, 97, 2747.48);
insert into ComprasItens (CodCompraItem, CodCompra, CodProduto, Quantidade, Preco) values (1617, 249, 205, 174, 1501.06);
insert into ComprasItens (CodCompraItem, CodCompra, CodProduto, Quantidade, Preco) values (1618, 176, 292, 5, 147.46);
insert into ComprasItens (CodCompraItem, CodCompra, CodProduto, Quantidade, Preco) values (1619, 61, 13, 183, 1101.51);
insert into ComprasItens (CodCompraItem, CodCompra, CodProduto, Quantidade, Preco) values (1620, 133, 317, 136, 4231.12);
insert into ComprasItens (CodCompraItem, CodCompra, CodProduto, Quantidade, Preco) values (1621, 199, 326, 23, 346.89);
insert into ComprasItens (CodCompraItem, CodCompra, CodProduto, Quantidade, Preco) values (1622, 38, 86, 177, 6308.76);
insert into ComprasItens (CodCompraItem, CodCompra, CodProduto, Quantidade, Preco) values (1623, 26, 274, 147, 2672.64);
insert into ComprasItens (CodCompraItem, CodCompra, CodProduto, Quantidade, Preco) values (1624, 75, 296, 103, 2571.25);
insert into ComprasItens (CodCompraItem, CodCompra, CodProduto, Quantidade, Preco) values (1625, 176, 209, 198, 4258.39);
insert into ComprasItens (CodCompraItem, CodCompra, CodProduto, Quantidade, Preco) values (1626, 174, 280, 19, 760.86);
insert into ComprasItens (CodCompraItem, CodCompra, CodProduto, Quantidade, Preco) values (1627, 56, 250, 55, 318.20);
insert into ComprasItens (CodCompraItem, CodCompra, CodProduto, Quantidade, Preco) values (1628, 53, 302, 158, 4831.72);
insert into ComprasItens (CodCompraItem, CodCompra, CodProduto, Quantidade, Preco) values (1629, 219, 162, 40, 1546.62);
insert into ComprasItens (CodCompraItem, CodCompra, CodProduto, Quantidade, Preco) values (1630, 228, 283, 181, 2982.37);
insert into ComprasItens (CodCompraItem, CodCompra, CodProduto, Quantidade, Preco) values (1631, 139, 59, 62, 1751.52);
insert into ComprasItens (CodCompraItem, CodCompra, CodProduto, Quantidade, Preco) values (1632, 152, 197, 190, 5095.80);
insert into ComprasItens (CodCompraItem, CodCompra, CodProduto, Quantidade, Preco) values (1633, 52, 345, 153, 5197.95);
insert into ComprasItens (CodCompraItem, CodCompra, CodProduto, Quantidade, Preco) values (1634, 241, 2, 182, 786.24);
insert into ComprasItens (CodCompraItem, CodCompra, CodProduto, Quantidade, Preco) values (1635, 169, 18, 184, 1133.37);
insert into ComprasItens (CodCompraItem, CodCompra, CodProduto, Quantidade, Preco) values (1636, 214, 145, 101, 599.36);
insert into ComprasItens (CodCompraItem, CodCompra, CodProduto, Quantidade, Preco) values (1637, 269, 2, 185, 799.20);
insert into ComprasItens (CodCompraItem, CodCompra, CodProduto, Quantidade, Preco) values (1638, 273, 195, 150, 1385.33);
insert into ComprasItens (CodCompraItem, CodCompra, CodProduto, Quantidade, Preco) values (1639, 155, 302, 42, 1284.38);
insert into ComprasItens (CodCompraItem, CodCompra, CodProduto, Quantidade, Preco) values (1640, 175, 40, 126, 5261.76);
insert into ComprasItens (CodCompraItem, CodCompra, CodProduto, Quantidade, Preco) values (1641, 245, 230, 116, 1844.43);
insert into ComprasItens (CodCompraItem, CodCompra, CodProduto, Quantidade, Preco) values (1642, 171, 180, 53, 894.28);
insert into ComprasItens (CodCompraItem, CodCompra, CodProduto, Quantidade, Preco) values (1643, 292, 318, 123, 3308.27);
insert into ComprasItens (CodCompraItem, CodCompra, CodProduto, Quantidade, Preco) values (1644, 40, 5, 173, 6797.60);
insert into ComprasItens (CodCompraItem, CodCompra, CodProduto, Quantidade, Preco) values (1645, 111, 106, 183, 5490.77);
insert into ComprasItens (CodCompraItem, CodCompra, CodProduto, Quantidade, Preco) values (1646, 170, 98, 116, 1490.73);
insert into ComprasItens (CodCompraItem, CodCompra, CodProduto, Quantidade, Preco) values (1647, 273, 336, 184, 3014.58);
insert into ComprasItens (CodCompraItem, CodCompra, CodProduto, Quantidade, Preco) values (1648, 259, 152, 79, 1463.71);
insert into ComprasItens (CodCompraItem, CodCompra, CodProduto, Quantidade, Preco) values (1649, 258, 141, 135, 2134.35);
insert into ComprasItens (CodCompraItem, CodCompra, CodProduto, Quantidade, Preco) values (1650, 63, 243, 150, 6615.00);
insert into ComprasItens (CodCompraItem, CodCompra, CodProduto, Quantidade, Preco) values (1651, 199, 279, 157, 3004.89);
insert into ComprasItens (CodCompraItem, CodCompra, CodProduto, Quantidade, Preco) values (1652, 83, 331, 143, 4227.02);
insert into ComprasItens (CodCompraItem, CodCompra, CodProduto, Quantidade, Preco) values (1653, 25, 209, 128, 2752.90);
insert into ComprasItens (CodCompraItem, CodCompra, CodProduto, Quantidade, Preco) values (1654, 146, 292, 45, 1327.10);
insert into ComprasItens (CodCompraItem, CodCompra, CodProduto, Quantidade, Preco) values (1655, 68, 115, 119, 1901.35);
insert into ComprasItens (CodCompraItem, CodCompra, CodProduto, Quantidade, Preco) values (1656, 276, 280, 49, 1962.21);
insert into ComprasItens (CodCompraItem, CodCompra, CodProduto, Quantidade, Preco) values (1657, 49, 280, 88, 3523.98);
insert into ComprasItens (CodCompraItem, CodCompra, CodProduto, Quantidade, Preco) values (1658, 193, 282, 86, 2555.52);
insert into ComprasItens (CodCompraItem, CodCompra, CodProduto, Quantidade, Preco) values (1659, 53, 108, 11, 108.33);
insert into ComprasItens (CodCompraItem, CodCompra, CodProduto, Quantidade, Preco) values (1660, 50, 108, 30, 295.45);
insert into ComprasItens (CodCompraItem, CodCompra, CodProduto, Quantidade, Preco) values (1661, 150, 162, 28, 1082.63);
insert into ComprasItens (CodCompraItem, CodCompra, CodProduto, Quantidade, Preco) values (1662, 115, 106, 8, 240.03);
insert into ComprasItens (CodCompraItem, CodCompra, CodProduto, Quantidade, Preco) values (1663, 35, 138, 48, 1075.82);
insert into ComprasItens (CodCompraItem, CodCompra, CodProduto, Quantidade, Preco) values (1664, 52, 62, 15, 336.42);
insert into ComprasItens (CodCompraItem, CodCompra, CodProduto, Quantidade, Preco) values (1665, 69, 38, 196, 1301.66);
insert into ComprasItens (CodCompraItem, CodCompra, CodProduto, Quantidade, Preco) values (1666, 123, 200, 79, 1598.92);
insert into ComprasItens (CodCompraItem, CodCompra, CodProduto, Quantidade, Preco) values (1667, 63, 318, 105, 2824.13);
insert into ComprasItens (CodCompraItem, CodCompra, CodProduto, Quantidade, Preco) values (1668, 154, 110, 185, 1850.26);
insert into ComprasItens (CodCompraItem, CodCompra, CodProduto, Quantidade, Preco) values (1669, 127, 167, 189, 5014.83);
insert into ComprasItens (CodCompraItem, CodCompra, CodProduto, Quantidade, Preco) values (1670, 131, 39, 113, 3269.04);
insert into ComprasItens (CodCompraItem, CodCompra, CodProduto, Quantidade, Preco) values (1671, 153, 322, 87, 3056.96);
insert into ComprasItens (CodCompraItem, CodCompra, CodProduto, Quantidade, Preco) values (1672, 246, 163, 19, 354.28);
insert into ComprasItens (CodCompraItem, CodCompra, CodProduto, Quantidade, Preco) values (1673, 110, 238, 168, 1549.30);
insert into ComprasItens (CodCompraItem, CodCompra, CodProduto, Quantidade, Preco) values (1674, 289, 210, 8, 235.93);
insert into ComprasItens (CodCompraItem, CodCompra, CodProduto, Quantidade, Preco) values (1675, 245, 232, 4, 93.12);
insert into ComprasItens (CodCompraItem, CodCompra, CodProduto, Quantidade, Preco) values (1676, 179, 95, 190, 583.11);
insert into ComprasItens (CodCompraItem, CodCompra, CodProduto, Quantidade, Preco) values (1677, 211, 265, 167, 2479.65);
insert into ComprasItens (CodCompraItem, CodCompra, CodProduto, Quantidade, Preco) values (1678, 110, 207, 43, 1919.52);
insert into ComprasItens (CodCompraItem, CodCompra, CodProduto, Quantidade, Preco) values (1679, 90, 33, 66, 282.15);
insert into ComprasItens (CodCompraItem, CodCompra, CodProduto, Quantidade, Preco) values (1680, 150, 345, 47, 1596.75);
insert into ComprasItens (CodCompraItem, CodCompra, CodProduto, Quantidade, Preco) values (1681, 192, 206, 75, 2463.75);
insert into ComprasItens (CodCompraItem, CodCompra, CodProduto, Quantidade, Preco) values (1682, 127, 156, 77, 2171.22);
insert into ComprasItens (CodCompraItem, CodCompra, CodProduto, Quantidade, Preco) values (1683, 103, 180, 54, 911.15);
insert into ComprasItens (CodCompraItem, CodCompra, CodProduto, Quantidade, Preco) values (1684, 225, 242, 192, 688.44);
insert into ComprasItens (CodCompraItem, CodCompra, CodProduto, Quantidade, Preco) values (1685, 299, 307, 34, 1103.33);
insert into ComprasItens (CodCompraItem, CodCompra, CodProduto, Quantidade, Preco) values (1686, 277, 110, 77, 770.11);
insert into ComprasItens (CodCompraItem, CodCompra, CodProduto, Quantidade, Preco) values (1687, 85, 191, 103, 2851.20);
insert into ComprasItens (CodCompraItem, CodCompra, CodProduto, Quantidade, Preco) values (1688, 24, 127, 112, 202.94);
insert into ComprasItens (CodCompraItem, CodCompra, CodProduto, Quantidade, Preco) values (1689, 47, 64, 28, 377.73);
insert into ComprasItens (CodCompraItem, CodCompra, CodProduto, Quantidade, Preco) values (1690, 253, 200, 192, 3885.98);
insert into ComprasItens (CodCompraItem, CodCompra, CodProduto, Quantidade, Preco) values (1691, 261, 59, 74, 2090.53);
insert into ComprasItens (CodCompraItem, CodCompra, CodProduto, Quantidade, Preco) values (1692, 277, 210, 76, 2241.33);
insert into ComprasItens (CodCompraItem, CodCompra, CodProduto, Quantidade, Preco) values (1693, 195, 125, 97, 2350.81);
insert into ComprasItens (CodCompraItem, CodCompra, CodProduto, Quantidade, Preco) values (1694, 17, 116, 75, 1283.40);
insert into ComprasItens (CodCompraItem, CodCompra, CodProduto, Quantidade, Preco) values (1695, 129, 229, 172, 3553.28);
insert into ComprasItens (CodCompraItem, CodCompra, CodProduto, Quantidade, Preco) values (1696, 80, 220, 125, 1560.60);
insert into ComprasItens (CodCompraItem, CodCompra, CodProduto, Quantidade, Preco) values (1697, 167, 232, 131, 3049.68);
insert into ComprasItens (CodCompraItem, CodCompra, CodProduto, Quantidade, Preco) values (1698, 1, 17, 196, 5476.51);
insert into ComprasItens (CodCompraItem, CodCompra, CodProduto, Quantidade, Preco) values (1699, 24, 198, 15, 132.06);
insert into ComprasItens (CodCompraItem, CodCompra, CodProduto, Quantidade, Preco) values (1700, 214, 306, 91, 2701.14);
insert into ComprasItens (CodCompraItem, CodCompra, CodProduto, Quantidade, Preco) values (1701, 196, 47, 196, 3160.03);
insert into ComprasItens (CodCompraItem, CodCompra, CodProduto, Quantidade, Preco) values (1702, 128, 45, 85, 2766.75);
insert into ComprasItens (CodCompraItem, CodCompra, CodProduto, Quantidade, Preco) values (1703, 56, 243, 156, 6879.60);
insert into ComprasItens (CodCompraItem, CodCompra, CodProduto, Quantidade, Preco) values (1704, 204, 231, 18, 522.03);
insert into ComprasItens (CodCompraItem, CodCompra, CodProduto, Quantidade, Preco) values (1705, 148, 115, 92, 1469.95);
insert into ComprasItens (CodCompraItem, CodCompra, CodProduto, Quantidade, Preco) values (1706, 295, 67, 187, 4845.69);
insert into ComprasItens (CodCompraItem, CodCompra, CodProduto, Quantidade, Preco) values (1707, 262, 131, 161, 5262.77);
insert into ComprasItens (CodCompraItem, CodCompra, CodProduto, Quantidade, Preco) values (1708, 164, 182, 56, 487.10);
insert into ComprasItens (CodCompraItem, CodCompra, CodProduto, Quantidade, Preco) values (1709, 21, 325, 143, 1575.93);
insert into ComprasItens (CodCompraItem, CodCompra, CodProduto, Quantidade, Preco) values (1710, 83, 48, 110, 3767.35);
insert into ComprasItens (CodCompraItem, CodCompra, CodProduto, Quantidade, Preco) values (1711, 56, 200, 181, 3663.35);
insert into ComprasItens (CodCompraItem, CodCompra, CodProduto, Quantidade, Preco) values (1712, 223, 97, 30, 1015.95);
insert into ComprasItens (CodCompraItem, CodCompra, CodProduto, Quantidade, Preco) values (1713, 5, 66, 33, 374.10);
insert into ComprasItens (CodCompraItem, CodCompra, CodProduto, Quantidade, Preco) values (1714, 105, 226, 138, 1474.83);
insert into ComprasItens (CodCompraItem, CodCompra, CodProduto, Quantidade, Preco) values (1715, 166, 23, 181, 4315.98);
insert into ComprasItens (CodCompraItem, CodCompra, CodProduto, Quantidade, Preco) values (1716, 66, 7, 72, 531.88);
insert into ComprasItens (CodCompraItem, CodCompra, CodProduto, Quantidade, Preco) values (1717, 105, 25, 183, 421.96);
insert into ComprasItens (CodCompraItem, CodCompra, CodProduto, Quantidade, Preco) values (1718, 204, 4, 56, 123.65);
insert into ComprasItens (CodCompraItem, CodCompra, CodProduto, Quantidade, Preco) values (1719, 13, 4, 18, 39.74);
insert into ComprasItens (CodCompraItem, CodCompra, CodProduto, Quantidade, Preco) values (1720, 69, 71, 84, 1855.27);
insert into ComprasItens (CodCompraItem, CodCompra, CodProduto, Quantidade, Preco) values (1721, 58, 76, 168, 5648.03);
insert into ComprasItens (CodCompraItem, CodCompra, CodProduto, Quantidade, Preco) values (1722, 165, 19, 27, 725.65);
insert into ComprasItens (CodCompraItem, CodCompra, CodProduto, Quantidade, Preco) values (1723, 40, 216, 74, 3193.60);
insert into ComprasItens (CodCompraItem, CodCompra, CodProduto, Quantidade, Preco) values (1724, 109, 338, 26, 269.90);
insert into ComprasItens (CodCompraItem, CodCompra, CodProduto, Quantidade, Preco) values (1725, 9, 101, 37, 1197.23);
insert into ComprasItens (CodCompraItem, CodCompra, CodProduto, Quantidade, Preco) values (1726, 105, 98, 10, 128.51);
insert into ComprasItens (CodCompraItem, CodCompra, CodProduto, Quantidade, Preco) values (1727, 215, 57, 154, 209.56);
insert into ComprasItens (CodCompraItem, CodCompra, CodProduto, Quantidade, Preco) values (1728, 167, 213, 170, 6353.33);
insert into ComprasItens (CodCompraItem, CodCompra, CodProduto, Quantidade, Preco) values (1729, 127, 99, 151, 3941.05);
insert into ComprasItens (CodCompraItem, CodCompra, CodProduto, Quantidade, Preco) values (1730, 79, 24, 123, 651.40);
insert into ComprasItens (CodCompraItem, CodCompra, CodProduto, Quantidade, Preco) values (1731, 210, 95, 163, 500.25);
insert into ComprasItens (CodCompraItem, CodCompra, CodProduto, Quantidade, Preco) values (1732, 211, 333, 98, 2116.80);
insert into ComprasItens (CodCompraItem, CodCompra, CodProduto, Quantidade, Preco) values (1733, 283, 252, 160, 1843.20);
insert into ComprasItens (CodCompraItem, CodCompra, CodProduto, Quantidade, Preco) values (1734, 292, 202, 139, 944.51);
insert into ComprasItens (CodCompraItem, CodCompra, CodProduto, Quantidade, Preco) values (1735, 289, 249, 115, 500.73);
insert into ComprasItens (CodCompraItem, CodCompra, CodProduto, Quantidade, Preco) values (1736, 125, 68, 188, 4309.52);
insert into ComprasItens (CodCompraItem, CodCompra, CodProduto, Quantidade, Preco) values (1737, 55, 19, 150, 4031.37);
insert into ComprasItens (CodCompraItem, CodCompra, CodProduto, Quantidade, Preco) values (1738, 186, 65, 48, 1175.79);
insert into ComprasItens (CodCompraItem, CodCompra, CodProduto, Quantidade, Preco) values (1739, 197, 109, 123, 4437.93);
insert into ComprasItens (CodCompraItem, CodCompra, CodProduto, Quantidade, Preco) values (1740, 60, 176, 59, 2435.38);
insert into ComprasItens (CodCompraItem, CodCompra, CodProduto, Quantidade, Preco) values (1741, 201, 275, 62, 97.76);
insert into ComprasItens (CodCompraItem, CodCompra, CodProduto, Quantidade, Preco) values (1742, 287, 268, 200, 2022.12);
insert into ComprasItens (CodCompraItem, CodCompra, CodProduto, Quantidade, Preco) values (1743, 148, 332, 45, 289.71);
insert into ComprasItens (CodCompraItem, CodCompra, CodProduto, Quantidade, Preco) values (1744, 172, 335, 156, 3648.72);
insert into ComprasItens (CodCompraItem, CodCompra, CodProduto, Quantidade, Preco) values (1745, 264, 80, 195, 6807.94);
insert into ComprasItens (CodCompraItem, CodCompra, CodProduto, Quantidade, Preco) values (1746, 49, 151, 31, 1173.29);
insert into ComprasItens (CodCompraItem, CodCompra, CodProduto, Quantidade, Preco) values (1747, 189, 305, 144, 1734.48);
insert into ComprasItens (CodCompraItem, CodCompra, CodProduto, Quantidade, Preco) values (1748, 146, 284, 139, 360.37);
insert into ComprasItens (CodCompraItem, CodCompra, CodProduto, Quantidade, Preco) values (1749, 222, 310, 163, 4540.95);
insert into ComprasItens (CodCompraItem, CodCompra, CodProduto, Quantidade, Preco) values (1750, 76, 229, 38, 785.03);
insert into ComprasItens (CodCompraItem, CodCompra, CodProduto, Quantidade, Preco) values (1751, 86, 138, 137, 3070.58);
insert into ComprasItens (CodCompraItem, CodCompra, CodProduto, Quantidade, Preco) values (1752, 85, 50, 130, 3514.99);
insert into ComprasItens (CodCompraItem, CodCompra, CodProduto, Quantidade, Preco) values (1753, 94, 150, 136, 1624.33);
insert into ComprasItens (CodCompraItem, CodCompra, CodProduto, Quantidade, Preco) values (1754, 278, 217, 122, 3627.98);
insert into ComprasItens (CodCompraItem, CodCompra, CodProduto, Quantidade, Preco) values (1755, 136, 230, 134, 2130.64);
insert into ComprasItens (CodCompraItem, CodCompra, CodProduto, Quantidade, Preco) values (1756, 237, 9, 51, 745.88);
insert into ComprasItens (CodCompraItem, CodCompra, CodProduto, Quantidade, Preco) values (1757, 270, 148, 87, 849.87);
insert into ComprasItens (CodCompraItem, CodCompra, CodProduto, Quantidade, Preco) values (1758, 112, 215, 187, 3369.48);
insert into ComprasItens (CodCompraItem, CodCompra, CodProduto, Quantidade, Preco) values (1759, 256, 282, 145, 4308.72);
insert into ComprasItens (CodCompraItem, CodCompra, CodProduto, Quantidade, Preco) values (1760, 254, 183, 27, 359.62);
insert into ComprasItens (CodCompraItem, CodCompra, CodProduto, Quantidade, Preco) values (1761, 263, 280, 178, 7128.05);
insert into ComprasItens (CodCompraItem, CodCompra, CodProduto, Quantidade, Preco) values (1762, 243, 263, 188, 751.70);
insert into ComprasItens (CodCompraItem, CodCompra, CodProduto, Quantidade, Preco) values (1763, 203, 241, 189, 6875.90);
insert into ComprasItens (CodCompraItem, CodCompra, CodProduto, Quantidade, Preco) values (1764, 248, 245, 161, 5990.17);
insert into ComprasItens (CodCompraItem, CodCompra, CodProduto, Quantidade, Preco) values (1765, 44, 11, 22, 73.79);
insert into ComprasItens (CodCompraItem, CodCompra, CodProduto, Quantidade, Preco) values (1766, 237, 332, 102, 656.68);
insert into ComprasItens (CodCompraItem, CodCompra, CodProduto, Quantidade, Preco) values (1767, 287, 4, 195, 430.56);
insert into ComprasItens (CodCompraItem, CodCompra, CodProduto, Quantidade, Preco) values (1768, 188, 106, 196, 5880.82);
insert into ComprasItens (CodCompraItem, CodCompra, CodProduto, Quantidade, Preco) values (1769, 112, 136, 144, 1877.90);
insert into ComprasItens (CodCompraItem, CodCompra, CodProduto, Quantidade, Preco) values (1770, 36, 144, 36, 275.03);
insert into ComprasItens (CodCompraItem, CodCompra, CodProduto, Quantidade, Preco) values (1771, 13, 296, 121, 3020.60);
insert into ComprasItens (CodCompraItem, CodCompra, CodProduto, Quantidade, Preco) values (1772, 195, 223, 117, 2620.07);
insert into ComprasItens (CodCompraItem, CodCompra, CodProduto, Quantidade, Preco) values (1773, 93, 205, 121, 1043.84);
insert into ComprasItens (CodCompraItem, CodCompra, CodProduto, Quantidade, Preco) values (1774, 211, 268, 177, 1789.58);
insert into ComprasItens (CodCompraItem, CodCompra, CodProduto, Quantidade, Preco) values (1775, 157, 87, 42, 1617.64);
insert into ComprasItens (CodCompraItem, CodCompra, CodProduto, Quantidade, Preco) values (1776, 73, 348, 72, 1807.92);
insert into ComprasItens (CodCompraItem, CodCompra, CodProduto, Quantidade, Preco) values (1777, 287, 260, 152, 949.62);
insert into ComprasItens (CodCompraItem, CodCompra, CodProduto, Quantidade, Preco) values (1778, 204, 241, 88, 3201.48);
insert into ComprasItens (CodCompraItem, CodCompra, CodProduto, Quantidade, Preco) values (1779, 197, 207, 58, 2589.12);
insert into ComprasItens (CodCompraItem, CodCompra, CodProduto, Quantidade, Preco) values (1780, 138, 139, 129, 2841.82);
insert into ComprasItens (CodCompraItem, CodCompra, CodProduto, Quantidade, Preco) values (1781, 20, 132, 158, 7197.41);
insert into ComprasItens (CodCompraItem, CodCompra, CodProduto, Quantidade, Preco) values (1782, 284, 95, 48, 147.31);
insert into ComprasItens (CodCompraItem, CodCompra, CodProduto, Quantidade, Preco) values (1783, 77, 105, 50, 497.64);
insert into ComprasItens (CodCompraItem, CodCompra, CodProduto, Quantidade, Preco) values (1784, 252, 29, 197, 5762.25);
insert into ComprasItens (CodCompraItem, CodCompra, CodProduto, Quantidade, Preco) values (1785, 263, 60, 110, 1163.25);
insert into ComprasItens (CodCompraItem, CodCompra, CodProduto, Quantidade, Preco) values (1786, 65, 83, 137, 1615.02);
insert into ComprasItens (CodCompraItem, CodCompra, CodProduto, Quantidade, Preco) values (1787, 160, 200, 24, 485.75);
insert into ComprasItens (CodCompraItem, CodCompra, CodProduto, Quantidade, Preco) values (1788, 97, 34, 161, 5044.84);
insert into ComprasItens (CodCompraItem, CodCompra, CodProduto, Quantidade, Preco) values (1789, 5, 256, 150, 1647.00);
insert into ComprasItens (CodCompraItem, CodCompra, CodProduto, Quantidade, Preco) values (1790, 270, 142, 150, 3019.68);
insert into ComprasItens (CodCompraItem, CodCompra, CodProduto, Quantidade, Preco) values (1791, 122, 65, 40, 979.82);
insert into ComprasItens (CodCompraItem, CodCompra, CodProduto, Quantidade, Preco) values (1792, 24, 168, 23, 394.56);
insert into ComprasItens (CodCompraItem, CodCompra, CodProduto, Quantidade, Preco) values (1793, 243, 306, 106, 3146.39);
insert into ComprasItens (CodCompraItem, CodCompra, CodProduto, Quantidade, Preco) values (1794, 4, 300, 154, 874.15);
insert into ComprasItens (CodCompraItem, CodCompra, CodProduto, Quantidade, Preco) values (1795, 272, 59, 49, 1384.27);
insert into ComprasItens (CodCompraItem, CodCompra, CodProduto, Quantidade, Preco) values (1796, 80, 146, 135, 4618.05);
insert into ComprasItens (CodCompraItem, CodCompra, CodProduto, Quantidade, Preco) values (1797, 172, 69, 58, 1464.47);
insert into ComprasItens (CodCompraItem, CodCompra, CodProduto, Quantidade, Preco) values (1798, 274, 168, 148, 2538.93);
insert into ComprasItens (CodCompraItem, CodCompra, CodProduto, Quantidade, Preco) values (1799, 20, 342, 85, 3397.75);
insert into ComprasItens (CodCompraItem, CodCompra, CodProduto, Quantidade, Preco) values (1800, 38, 219, 134, 2274.27);
insert into ComprasItens (CodCompraItem, CodCompra, CodProduto, Quantidade, Preco) values (1801, 83, 240, 152, 295.49);
insert into ComprasItens (CodCompraItem, CodCompra, CodProduto, Quantidade, Preco) values (1802, 61, 105, 185, 1841.27);
insert into ComprasItens (CodCompraItem, CodCompra, CodProduto, Quantidade, Preco) values (1803, 240, 251, 7, 171.62);
insert into ComprasItens (CodCompraItem, CodCompra, CodProduto, Quantidade, Preco) values (1804, 77, 293, 180, 3060.29);
insert into ComprasItens (CodCompraItem, CodCompra, CodProduto, Quantidade, Preco) values (1805, 41, 3, 41, 1268.01);
insert into ComprasItens (CodCompraItem, CodCompra, CodProduto, Quantidade, Preco) values (1806, 124, 86, 189, 6736.47);
insert into ComprasItens (CodCompraItem, CodCompra, CodProduto, Quantidade, Preco) values (1807, 215, 308, 130, 1183.10);
insert into ComprasItens (CodCompraItem, CodCompra, CodProduto, Quantidade, Preco) values (1808, 14, 69, 182, 4595.41);
insert into ComprasItens (CodCompraItem, CodCompra, CodProduto, Quantidade, Preco) values (1809, 186, 101, 8, 258.86);
insert into ComprasItens (CodCompraItem, CodCompra, CodProduto, Quantidade, Preco) values (1810, 157, 90, 109, 2207.58);
insert into ComprasItens (CodCompraItem, CodCompra, CodProduto, Quantidade, Preco) values (1811, 64, 148, 106, 1035.47);
insert into ComprasItens (CodCompraItem, CodCompra, CodProduto, Quantidade, Preco) values (1812, 111, 74, 55, 2.26);
insert into ComprasItens (CodCompraItem, CodCompra, CodProduto, Quantidade, Preco) values (1813, 236, 8, 130, 848.48);
insert into ComprasItens (CodCompraItem, CodCompra, CodProduto, Quantidade, Preco) values (1814, 75, 176, 136, 5613.75);
insert into ComprasItens (CodCompraItem, CodCompra, CodProduto, Quantidade, Preco) values (1815, 95, 103, 4, 145.38);
insert into ComprasItens (CodCompraItem, CodCompra, CodProduto, Quantidade, Preco) values (1816, 286, 53, 183, 5886.71);
insert into ComprasItens (CodCompraItem, CodCompra, CodProduto, Quantidade, Preco) values (1817, 149, 28, 169, 195.75);
insert into ComprasItens (CodCompraItem, CodCompra, CodProduto, Quantidade, Preco) values (1818, 239, 349, 163, 2394.63);
insert into ComprasItens (CodCompraItem, CodCompra, CodProduto, Quantidade, Preco) values (1819, 236, 132, 193, 8791.77);
insert into ComprasItens (CodCompraItem, CodCompra, CodProduto, Quantidade, Preco) values (1820, 21, 167, 153, 4059.63);
insert into ComprasItens (CodCompraItem, CodCompra, CodProduto, Quantidade, Preco) values (1821, 34, 57, 101, 137.44);
insert into ComprasItens (CodCompraItem, CodCompra, CodProduto, Quantidade, Preco) values (1822, 71, 151, 199, 7531.75);
insert into ComprasItens (CodCompraItem, CodCompra, CodProduto, Quantidade, Preco) values (1823, 229, 337, 121, 32.67);
insert into ComprasItens (CodCompraItem, CodCompra, CodProduto, Quantidade, Preco) values (1824, 282, 346, 45, 1029.11);
insert into ComprasItens (CodCompraItem, CodCompra, CodProduto, Quantidade, Preco) values (1825, 248, 220, 106, 1323.39);
insert into ComprasItens (CodCompraItem, CodCompra, CodProduto, Quantidade, Preco) values (1826, 154, 247, 179, 6219.21);
insert into ComprasItens (CodCompraItem, CodCompra, CodProduto, Quantidade, Preco) values (1827, 291, 215, 95, 1711.77);
insert into ComprasItens (CodCompraItem, CodCompra, CodProduto, Quantidade, Preco) values (1828, 280, 252, 31, 357.12);
insert into ComprasItens (CodCompraItem, CodCompra, CodProduto, Quantidade, Preco) values (1829, 163, 241, 151, 5493.44);
insert into ComprasItens (CodCompraItem, CodCompra, CodProduto, Quantidade, Preco) values (1830, 117, 230, 128, 2035.24);
insert into ComprasItens (CodCompraItem, CodCompra, CodProduto, Quantidade, Preco) values (1831, 92, 345, 171, 5809.47);
insert into ComprasItens (CodCompraItem, CodCompra, CodProduto, Quantidade, Preco) values (1832, 111, 320, 52, 855.08);
insert into ComprasItens (CodCompraItem, CodCompra, CodProduto, Quantidade, Preco) values (1833, 20, 186, 57, 2031.63);
insert into ComprasItens (CodCompraItem, CodCompra, CodProduto, Quantidade, Preco) values (1834, 108, 184, 165, 1585.58);
insert into ComprasItens (CodCompraItem, CodCompra, CodProduto, Quantidade, Preco) values (1835, 83, 178, 148, 4410.03);
insert into ComprasItens (CodCompraItem, CodCompra, CodProduto, Quantidade, Preco) values (1836, 41, 115, 134, 2141.01);
insert into ComprasItens (CodCompraItem, CodCompra, CodProduto, Quantidade, Preco) values (1837, 151, 58, 135, 3189.38);
insert into ComprasItens (CodCompraItem, CodCompra, CodProduto, Quantidade, Preco) values (1838, 189, 15, 77, 108.39);
insert into ComprasItens (CodCompraItem, CodCompra, CodProduto, Quantidade, Preco) values (1839, 22, 239, 165, 6490.98);
insert into ComprasItens (CodCompraItem, CodCompra, CodProduto, Quantidade, Preco) values (1840, 143, 189, 60, 1336.07);
insert into ComprasItens (CodCompraItem, CodCompra, CodProduto, Quantidade, Preco) values (1841, 211, 337, 23, 6.21);
insert into ComprasItens (CodCompraItem, CodCompra, CodProduto, Quantidade, Preco) values (1842, 135, 126, 122, 1076.04);
insert into ComprasItens (CodCompraItem, CodCompra, CodProduto, Quantidade, Preco) values (1843, 238, 29, 146, 4270.50);
insert into ComprasItens (CodCompraItem, CodCompra, CodProduto, Quantidade, Preco) values (1844, 61, 68, 127, 2911.22);
insert into ComprasItens (CodCompraItem, CodCompra, CodProduto, Quantidade, Preco) values (1845, 22, 263, 36, 143.94);
insert into ComprasItens (CodCompraItem, CodCompra, CodProduto, Quantidade, Preco) values (1846, 51, 166, 20, 55.90);
insert into ComprasItens (CodCompraItem, CodCompra, CodProduto, Quantidade, Preco) values (1847, 45, 302, 27, 825.67);
insert into ComprasItens (CodCompraItem, CodCompra, CodProduto, Quantidade, Preco) values (1848, 162, 174, 110, 58.91);
insert into ComprasItens (CodCompraItem, CodCompra, CodProduto, Quantidade, Preco) values (1849, 57, 311, 182, 1220.31);
insert into ComprasItens (CodCompraItem, CodCompra, CodProduto, Quantidade, Preco) values (1850, 130, 7, 122, 901.24);
insert into ComprasItens (CodCompraItem, CodCompra, CodProduto, Quantidade, Preco) values (1851, 97, 262, 73, 96.58);
insert into ComprasItens (CodCompraItem, CodCompra, CodProduto, Quantidade, Preco) values (1852, 279, 192, 53, 125.05);
insert into ComprasItens (CodCompraItem, CodCompra, CodProduto, Quantidade, Preco) values (1853, 119, 265, 179, 2657.83);
insert into ComprasItens (CodCompraItem, CodCompra, CodProduto, Quantidade, Preco) values (1854, 147, 12, 196, 831.67);
insert into ComprasItens (CodCompraItem, CodCompra, CodProduto, Quantidade, Preco) values (1855, 283, 328, 175, 1428.11);
insert into ComprasItens (CodCompraItem, CodCompra, CodProduto, Quantidade, Preco) values (1856, 17, 233, 129, 3801.89);
insert into ComprasItens (CodCompraItem, CodCompra, CodProduto, Quantidade, Preco) values (1857, 119, 141, 7, 110.67);
insert into ComprasItens (CodCompraItem, CodCompra, CodProduto, Quantidade, Preco) values (1858, 75, 64, 96, 1295.08);
insert into ComprasItens (CodCompraItem, CodCompra, CodProduto, Quantidade, Preco) values (1859, 204, 168, 24, 411.72);
insert into ComprasItens (CodCompraItem, CodCompra, CodProduto, Quantidade, Preco) values (1860, 106, 40, 173, 7224.48);
insert into ComprasItens (CodCompraItem, CodCompra, CodProduto, Quantidade, Preco) values (1861, 213, 250, 189, 1093.46);
insert into ComprasItens (CodCompraItem, CodCompra, CodProduto, Quantidade, Preco) values (1862, 187, 301, 160, 749.86);
insert into ComprasItens (CodCompraItem, CodCompra, CodProduto, Quantidade, Preco) values (1863, 111, 141, 198, 3130.38);
insert into ComprasItens (CodCompraItem, CodCompra, CodProduto, Quantidade, Preco) values (1864, 83, 29, 64, 1872.00);
insert into ComprasItens (CodCompraItem, CodCompra, CodProduto, Quantidade, Preco) values (1865, 244, 61, 137, 2972.52);
insert into ComprasItens (CodCompraItem, CodCompra, CodProduto, Quantidade, Preco) values (1866, 55, 74, 107, 4.40);
insert into ComprasItens (CodCompraItem, CodCompra, CodProduto, Quantidade, Preco) values (1867, 71, 44, 90, 2588.76);
insert into ComprasItens (CodCompraItem, CodCompra, CodProduto, Quantidade, Preco) values (1868, 59, 34, 58, 1817.40);
insert into ComprasItens (CodCompraItem, CodCompra, CodProduto, Quantidade, Preco) values (1869, 161, 338, 45, 467.13);
insert into ComprasItens (CodCompraItem, CodCompra, CodProduto, Quantidade, Preco) values (1870, 103, 163, 172, 3207.20);
insert into ComprasItens (CodCompraItem, CodCompra, CodProduto, Quantidade, Preco) values (1871, 30, 139, 91, 2004.69);
insert into ComprasItens (CodCompraItem, CodCompra, CodProduto, Quantidade, Preco) values (1872, 196, 285, 179, 2104.61);
insert into ComprasItens (CodCompraItem, CodCompra, CodProduto, Quantidade, Preco) values (1873, 41, 325, 94, 1035.93);
insert into ComprasItens (CodCompraItem, CodCompra, CodProduto, Quantidade, Preco) values (1874, 84, 228, 97, 2038.75);
insert into ComprasItens (CodCompraItem, CodCompra, CodProduto, Quantidade, Preco) values (1875, 194, 28, 153, 177.22);
insert into ComprasItens (CodCompraItem, CodCompra, CodProduto, Quantidade, Preco) values (1876, 241, 174, 35, 18.74);
insert into ComprasItens (CodCompraItem, CodCompra, CodProduto, Quantidade, Preco) values (1877, 163, 316, 192, 495.76);
insert into ComprasItens (CodCompraItem, CodCompra, CodProduto, Quantidade, Preco) values (1878, 16, 160, 191, 3098.78);
insert into ComprasItens (CodCompraItem, CodCompra, CodProduto, Quantidade, Preco) values (1879, 287, 111, 163, 6652.89);
insert into ComprasItens (CodCompraItem, CodCompra, CodProduto, Quantidade, Preco) values (1880, 258, 314, 46, 1127.12);
insert into ComprasItens (CodCompraItem, CodCompra, CodProduto, Quantidade, Preco) values (1881, 244, 331, 81, 2394.33);
insert into ComprasItens (CodCompraItem, CodCompra, CodProduto, Quantidade, Preco) values (1882, 65, 69, 198, 4999.40);
insert into ComprasItens (CodCompraItem, CodCompra, CodProduto, Quantidade, Preco) values (1883, 71, 14, 82, 3398.86);
insert into ComprasItens (CodCompraItem, CodCompra, CodProduto, Quantidade, Preco) values (1884, 67, 16, 128, 1971.84);
insert into ComprasItens (CodCompraItem, CodCompra, CodProduto, Quantidade, Preco) values (1885, 284, 77, 55, 1557.85);
insert into ComprasItens (CodCompraItem, CodCompra, CodProduto, Quantidade, Preco) values (1886, 193, 196, 81, 453.05);
insert into ComprasItens (CodCompraItem, CodCompra, CodProduto, Quantidade, Preco) values (1887, 253, 209, 168, 3613.18);
insert into ComprasItens (CodCompraItem, CodCompra, CodProduto, Quantidade, Preco) values (1888, 7, 205, 103, 888.56);
insert into ComprasItens (CodCompraItem, CodCompra, CodProduto, Quantidade, Preco) values (1889, 123, 242, 170, 609.55);
insert into ComprasItens (CodCompraItem, CodCompra, CodProduto, Quantidade, Preco) values (1890, 280, 282, 24, 713.17);
insert into ComprasItens (CodCompraItem, CodCompra, CodProduto, Quantidade, Preco) values (1891, 133, 260, 120, 749.70);
insert into ComprasItens (CodCompraItem, CodCompra, CodProduto, Quantidade, Preco) values (1892, 108, 126, 124, 1093.68);
insert into ComprasItens (CodCompraItem, CodCompra, CodProduto, Quantidade, Preco) values (1893, 59, 57, 158, 215.01);
insert into ComprasItens (CodCompraItem, CodCompra, CodProduto, Quantidade, Preco) values (1894, 190, 205, 35, 301.94);
insert into ComprasItens (CodCompraItem, CodCompra, CodProduto, Quantidade, Preco) values (1895, 188, 280, 143, 5726.46);
insert into ComprasItens (CodCompraItem, CodCompra, CodProduto, Quantidade, Preco) values (1896, 217, 64, 43, 580.09);
insert into ComprasItens (CodCompraItem, CodCompra, CodProduto, Quantidade, Preco) values (1897, 113, 3, 175, 5412.23);
insert into ComprasItens (CodCompraItem, CodCompra, CodProduto, Quantidade, Preco) values (1898, 123, 220, 152, 1897.69);
insert into ComprasItens (CodCompraItem, CodCompra, CodProduto, Quantidade, Preco) values (1899, 220, 236, 12, 30.48);
insert into ComprasItens (CodCompraItem, CodCompra, CodProduto, Quantidade, Preco) values (1900, 128, 279, 171, 3272.84);
insert into ComprasItens (CodCompraItem, CodCompra, CodProduto, Quantidade, Preco) values (1901, 94, 175, 78, 2746.22);
insert into ComprasItens (CodCompraItem, CodCompra, CodProduto, Quantidade, Preco) values (1902, 226, 270, 77, 3088.59);
insert into ComprasItens (CodCompraItem, CodCompra, CodProduto, Quantidade, Preco) values (1903, 280, 8, 60, 391.61);
insert into ComprasItens (CodCompraItem, CodCompra, CodProduto, Quantidade, Preco) values (1904, 60, 284, 180, 466.67);
insert into ComprasItens (CodCompraItem, CodCompra, CodProduto, Quantidade, Preco) values (1905, 153, 120, 171, 6908.72);
insert into ComprasItens (CodCompraItem, CodCompra, CodProduto, Quantidade, Preco) values (1906, 66, 160, 170, 2758.08);
insert into ComprasItens (CodCompraItem, CodCompra, CodProduto, Quantidade, Preco) values (1907, 287, 148, 184, 1797.42);
insert into ComprasItens (CodCompraItem, CodCompra, CodProduto, Quantidade, Preco) values (1908, 154, 49, 170, 3143.84);
insert into ComprasItens (CodCompraItem, CodCompra, CodProduto, Quantidade, Preco) values (1909, 101, 347, 108, 1548.69);
insert into ComprasItens (CodCompraItem, CodCompra, CodProduto, Quantidade, Preco) values (1910, 189, 244, 127, 4496.98);
insert into ComprasItens (CodCompraItem, CodCompra, CodProduto, Quantidade, Preco) values (1911, 183, 339, 18, 553.61);
insert into ComprasItens (CodCompraItem, CodCompra, CodProduto, Quantidade, Preco) values (1912, 298, 82, 1, 20.09);
insert into ComprasItens (CodCompraItem, CodCompra, CodProduto, Quantidade, Preco) values (1913, 58, 16, 161, 2480.21);
insert into ComprasItens (CodCompraItem, CodCompra, CodProduto, Quantidade, Preco) values (1914, 294, 20, 175, 6867.79);
insert into ComprasItens (CodCompraItem, CodCompra, CodProduto, Quantidade, Preco) values (1915, 92, 339, 165, 5074.79);
insert into ComprasItens (CodCompraItem, CodCompra, CodProduto, Quantidade, Preco) values (1916, 81, 348, 66, 1657.26);
insert into ComprasItens (CodCompraItem, CodCompra, CodProduto, Quantidade, Preco) values (1917, 122, 301, 111, 520.21);
insert into ComprasItens (CodCompraItem, CodCompra, CodProduto, Quantidade, Preco) values (1918, 95, 343, 19, 684.86);
insert into ComprasItens (CodCompraItem, CodCompra, CodProduto, Quantidade, Preco) values (1919, 79, 168, 129, 2212.98);
insert into ComprasItens (CodCompraItem, CodCompra, CodProduto, Quantidade, Preco) values (1920, 181, 232, 12, 279.36);
insert into ComprasItens (CodCompraItem, CodCompra, CodProduto, Quantidade, Preco) values (1921, 81, 186, 58, 2067.28);
insert into ComprasItens (CodCompraItem, CodCompra, CodProduto, Quantidade, Preco) values (1922, 76, 325, 198, 2182.06);
insert into ComprasItens (CodCompraItem, CodCompra, CodProduto, Quantidade, Preco) values (1923, 27, 309, 147, 2332.18);
insert into ComprasItens (CodCompraItem, CodCompra, CodProduto, Quantidade, Preco) values (1924, 91, 41, 105, 3099.60);
insert into ComprasItens (CodCompraItem, CodCompra, CodProduto, Quantidade, Preco) values (1925, 73, 73, 68, 1849.95);
insert into ComprasItens (CodCompraItem, CodCompra, CodProduto, Quantidade, Preco) values (1926, 143, 110, 83, 830.12);
insert into ComprasItens (CodCompraItem, CodCompra, CodProduto, Quantidade, Preco) values (1927, 173, 131, 96, 3138.05);
insert into ComprasItens (CodCompraItem, CodCompra, CodProduto, Quantidade, Preco) values (1928, 71, 203, 50, 12.33);
insert into ComprasItens (CodCompraItem, CodCompra, CodProduto, Quantidade, Preco) values (1929, 151, 184, 94, 903.30);
insert into ComprasItens (CodCompraItem, CodCompra, CodProduto, Quantidade, Preco) values (1930, 124, 269, 171, 5750.73);
insert into ComprasItens (CodCompraItem, CodCompra, CodProduto, Quantidade, Preco) values (1931, 29, 337, 17, 4.59);
insert into ComprasItens (CodCompraItem, CodCompra, CodProduto, Quantidade, Preco) values (1932, 197, 290, 164, 466.42);
insert into ComprasItens (CodCompraItem, CodCompra, CodProduto, Quantidade, Preco) values (1933, 69, 325, 102, 1124.09);
insert into ComprasItens (CodCompraItem, CodCompra, CodProduto, Quantidade, Preco) values (1934, 63, 224, 165, 5401.19);
insert into ComprasItens (CodCompraItem, CodCompra, CodProduto, Quantidade, Preco) values (1935, 152, 334, 87, 1671.86);
insert into ComprasItens (CodCompraItem, CodCompra, CodProduto, Quantidade, Preco) values (1936, 166, 197, 74, 1984.68);
insert into ComprasItens (CodCompraItem, CodCompra, CodProduto, Quantidade, Preco) values (1937, 232, 118, 163, 5127.65);
insert into ComprasItens (CodCompraItem, CodCompra, CodProduto, Quantidade, Preco) values (1938, 61, 94, 183, 4864.58);
insert into ComprasItens (CodCompraItem, CodCompra, CodProduto, Quantidade, Preco) values (1939, 264, 225, 97, 738.44);
insert into ComprasItens (CodCompraItem, CodCompra, CodProduto, Quantidade, Preco) values (1940, 173, 18, 184, 1133.37);
insert into ComprasItens (CodCompraItem, CodCompra, CodProduto, Quantidade, Preco) values (1941, 158, 98, 164, 2107.58);
insert into ComprasItens (CodCompraItem, CodCompra, CodProduto, Quantidade, Preco) values (1942, 6, 126, 200, 1764.00);
insert into ComprasItens (CodCompraItem, CodCompra, CodProduto, Quantidade, Preco) values (1943, 232, 11, 101, 338.75);
insert into ComprasItens (CodCompraItem, CodCompra, CodProduto, Quantidade, Preco) values (1944, 46, 12, 75, 318.24);
insert into ComprasItens (CodCompraItem, CodCompra, CodProduto, Quantidade, Preco) values (1945, 255, 73, 90, 2448.47);
insert into ComprasItens (CodCompraItem, CodCompra, CodProduto, Quantidade, Preco) values (1946, 193, 247, 101, 3509.16);
insert into ComprasItens (CodCompraItem, CodCompra, CodProduto, Quantidade, Preco) values (1947, 225, 347, 153, 2193.97);
insert into ComprasItens (CodCompraItem, CodCompra, CodProduto, Quantidade, Preco) values (1948, 296, 16, 191, 2942.36);
insert into ComprasItens (CodCompraItem, CodCompra, CodProduto, Quantidade, Preco) values (1949, 260, 285, 132, 1552.00);
insert into ComprasItens (CodCompraItem, CodCompra, CodProduto, Quantidade, Preco) values (1950, 230, 102, 106, 90.69);
insert into ComprasItens (CodCompraItem, CodCompra, CodProduto, Quantidade, Preco) values (1951, 133, 205, 80, 690.14);
insert into ComprasItens (CodCompraItem, CodCompra, CodProduto, Quantidade, Preco) values (1952, 219, 188, 142, 2140.39);
insert into ComprasItens (CodCompraItem, CodCompra, CodProduto, Quantidade, Preco) values (1953, 295, 31, 70, 653.18);
insert into ComprasItens (CodCompraItem, CodCompra, CodProduto, Quantidade, Preco) values (1954, 272, 112, 22, 769.82);
insert into ComprasItens (CodCompraItem, CodCompra, CodProduto, Quantidade, Preco) values (1955, 136, 344, 178, 2941.27);
insert into ComprasItens (CodCompraItem, CodCompra, CodProduto, Quantidade, Preco) values (1956, 264, 78, 162, 1232.01);
insert into ComprasItens (CodCompraItem, CodCompra, CodProduto, Quantidade, Preco) values (1957, 196, 160, 168, 2725.63);
insert into ComprasItens (CodCompraItem, CodCompra, CodProduto, Quantidade, Preco) values (1958, 54, 62, 195, 4373.46);
insert into ComprasItens (CodCompraItem, CodCompra, CodProduto, Quantidade, Preco) values (1959, 201, 156, 60, 1691.86);
insert into ComprasItens (CodCompraItem, CodCompra, CodProduto, Quantidade, Preco) values (1960, 20, 292, 22, 648.81);
insert into ComprasItens (CodCompraItem, CodCompra, CodProduto, Quantidade, Preco) values (1961, 251, 336, 38, 622.58);
insert into ComprasItens (CodCompraItem, CodCompra, CodProduto, Quantidade, Preco) values (1962, 145, 240, 11, 21.38);
insert into ComprasItens (CodCompraItem, CodCompra, CodProduto, Quantidade, Preco) values (1963, 226, 59, 41, 1158.27);
insert into ComprasItens (CodCompraItem, CodCompra, CodProduto, Quantidade, Preco) values (1964, 32, 303, 83, 3109.31);
insert into ComprasItens (CodCompraItem, CodCompra, CodProduto, Quantidade, Preco) values (1965, 252, 285, 190, 2233.94);
insert into ComprasItens (CodCompraItem, CodCompra, CodProduto, Quantidade, Preco) values (1966, 238, 215, 143, 2576.66);
insert into ComprasItens (CodCompraItem, CodCompra, CodProduto, Quantidade, Preco) values (1967, 38, 188, 108, 1627.91);
insert into ComprasItens (CodCompraItem, CodCompra, CodProduto, Quantidade, Preco) values (1968, 146, 288, 41, 59.83);
insert into ComprasItens (CodCompraItem, CodCompra, CodProduto, Quantidade, Preco) values (1969, 218, 39, 76, 2198.65);
insert into ComprasItens (CodCompraItem, CodCompra, CodProduto, Quantidade, Preco) values (1970, 90, 85, 3, 14.90);
insert into ComprasItens (CodCompraItem, CodCompra, CodProduto, Quantidade, Preco) values (1971, 164, 308, 142, 1292.31);
insert into ComprasItens (CodCompraItem, CodCompra, CodProduto, Quantidade, Preco) values (1972, 281, 274, 101, 1836.30);
insert into ComprasItens (CodCompraItem, CodCompra, CodProduto, Quantidade, Preco) values (1973, 257, 221, 70, 2319.41);
insert into ComprasItens (CodCompraItem, CodCompra, CodProduto, Quantidade, Preco) values (1974, 24, 29, 185, 5411.25);
insert into ComprasItens (CodCompraItem, CodCompra, CodProduto, Quantidade, Preco) values (1975, 58, 100, 86, 24.36);
insert into ComprasItens (CodCompraItem, CodCompra, CodProduto, Quantidade, Preco) values (1976, 107, 164, 71, 1858.38);
insert into ComprasItens (CodCompraItem, CodCompra, CodProduto, Quantidade, Preco) values (1977, 9, 309, 188, 2982.66);
insert into ComprasItens (CodCompraItem, CodCompra, CodProduto, Quantidade, Preco) values (1978, 297, 171, 149, 4784.06);
insert into ComprasItens (CodCompraItem, CodCompra, CodProduto, Quantidade, Preco) values (1979, 71, 291, 188, 6241.68);
insert into ComprasItens (CodCompraItem, CodCompra, CodProduto, Quantidade, Preco) values (1980, 160, 47, 171, 2756.96);
insert into ComprasItens (CodCompraItem, CodCompra, CodProduto, Quantidade, Preco) values (1981, 74, 72, 127, 1862.33);
insert into ComprasItens (CodCompraItem, CodCompra, CodProduto, Quantidade, Preco) values (1982, 90, 317, 128, 3982.23);
insert into ComprasItens (CodCompraItem, CodCompra, CodProduto, Quantidade, Preco) values (1983, 19, 263, 167, 667.73);
insert into ComprasItens (CodCompraItem, CodCompra, CodProduto, Quantidade, Preco) values (1984, 241, 167, 39, 1034.81);
insert into ComprasItens (CodCompraItem, CodCompra, CodProduto, Quantidade, Preco) values (1985, 7, 152, 122, 2260.42);
insert into ComprasItens (CodCompraItem, CodCompra, CodProduto, Quantidade, Preco) values (1986, 279, 188, 32, 482.34);
insert into ComprasItens (CodCompraItem, CodCompra, CodProduto, Quantidade, Preco) values (1987, 34, 142, 78, 1570.23);
insert into ComprasItens (CodCompraItem, CodCompra, CodProduto, Quantidade, Preco) values (1988, 256, 65, 76, 1861.67);
insert into ComprasItens (CodCompraItem, CodCompra, CodProduto, Quantidade, Preco) values (1989, 246, 102, 15, 12.83);
insert into ComprasItens (CodCompraItem, CodCompra, CodProduto, Quantidade, Preco) values (1990, 248, 268, 171, 1728.91);
insert into ComprasItens (CodCompraItem, CodCompra, CodProduto, Quantidade, Preco) values (1991, 34, 236, 9, 22.86);
insert into ComprasItens (CodCompraItem, CodCompra, CodProduto, Quantidade, Preco) values (1992, 140, 255, 36, 450.88);
insert into ComprasItens (CodCompraItem, CodCompra, CodProduto, Quantidade, Preco) values (1993, 178, 207, 57, 2544.48);
insert into ComprasItens (CodCompraItem, CodCompra, CodProduto, Quantidade, Preco) values (1994, 187, 217, 68, 2022.15);
insert into ComprasItens (CodCompraItem, CodCompra, CodProduto, Quantidade, Preco) values (1995, 190, 216, 116, 5006.19);
insert into ComprasItens (CodCompraItem, CodCompra, CodProduto, Quantidade, Preco) values (1996, 167, 330, 176, 6446.56);
insert into ComprasItens (CodCompraItem, CodCompra, CodProduto, Quantidade, Preco) values (1997, 141, 34, 148, 4637.49);
insert into ComprasItens (CodCompraItem, CodCompra, CodProduto, Quantidade, Preco) values (1998, 287, 318, 127, 3415.86);
insert into ComprasItens (CodCompraItem, CodCompra, CodProduto, Quantidade, Preco) values (1999, 258, 133, 38, 1415.31);
insert into ComprasItens (CodCompraItem, CodCompra, CodProduto, Quantidade, Preco) values (2000, 195, 279, 143, 2736.93);